Series Number,Filename,Name,Description,Gender,Attributes,UUID,Hash
1,adewale-the-amebo,adewale the amebo,adewale the amebo,male,,cad316c3-37f8-4b27-9f53-9d803bfcfee7,fe6e759939a22b3c05b6236dfd5bb420d35ee142adae8f50f44fcfd7eb9fa9a7
2,alli-the-queeny,alli the queeny,Alli is an LGBT Stan.,male,,a57ecda4-a26f-4e97-a757-e1800af39aab,fd00ee5dd93694473cb04231ec3ba5dad92399965b33f857abcdb7b63527ecd6
3,aminat-the-snnobish,aminat the snnobish,Aminat never really wants to talk to anyone.,female,,0e37ed0d-3e84-4f32-a91f-ec9c4ba8c7de,78ee4c126fd52176596da9b2eda49e634158ffd7d266ce7ca3e980da5e0f1040
4,aminu-the-carpenter,aminu the carpenter,"Aminu's hands are blessed, he makes the best furniture in the whole of Kano.",male,,4f30b751-96e7-40fe-97fd-e3d44973ff2f,ba872b35083f34df26c619aba3a3ab17424be9f222599e3e6f96b76a1c5bc959
5,chibuike-the-kudibag,chibuike the kudibag,Chibuike is too rich. Everyone wonders how he got it.,male,,5ce854f2-7ac1-46fd-b3fe-57583935d1e5,f43837d55d07a0e445a1dd0fb6e985d4ca0b8ed8991e6520b948d4d87874be10
6,chidinma-the-model,chidinma the model,"From Paris' runways, to London's streets, she's always in demand.",female,,c98db72e-49ac-4ca6-89d5-e00f5fbbcc45,a5ed7b2ae9de757915ca43d738d1337c2c24a47819bf467d94769d96839fc616
7,chioma-pretty- girl,chioma pretty girl,Chioma's face card is a 100.,female,,182ea888-a85b-42ca-ad73-ed4f8f9aa5c7,e097fae5f5b7d686797cd674fa5fec2307c0999cd42e747567288c58e241c8a3
8,damilare-the-handsome,damilare the handsome,He's a fine boy. Everyone loves his face(and him).,male,,27eca2dc-d7df-474a-8f8f-1858152c711e,0df947bdabd9d90c6180039ac4cae43e856eebbc8f7ca052b97868d6860c1c0f
9,ebiowie-the-planter,ebiowie the planter,Ebiowei has a reputation for nurturing plants.,male,,f1df8270-4d60-4bd4-8959-ba7c384db5c4,25087588a6fe1a8999affc65280ecaefe8c38e4521d8aa5ae5d3fdbb205c509d
10,emeka-the-businessman,emeka the businessman,Emeka only cares about containers. No time to waste.,male,,9b3d75da-4887-4089-aee4-50de3954fdc9,cad08de2269d3c8d68a90a7255c3784e7e5ed9988453de9088556301625e6551
11,gbeminyi-the-monk,gbeminyi the monk,He lives in a monastery off the coast. No one has heard him speak in years.,male,,c8b1fd1d-8551-4bb4-8dc4-923a9aeb39fb,4d98f97ad224128efd68262351a6b8b04e954d03ff8bc40295545bb4a3c69daa
12,henry-the-sportsman,henry the sportsman,He's played every sport known to man. Even cricket.,male,,e1225451-bfdf-4a1f-8d37-9cce3a0bd67b,8ae36ce6175f9051eaf7212b74dbeef33d4abae7cdce5274d8b25e9f25996983
13,mayowa-the-smallie,mayowa the smallie,Mayowa is so small but everyone loves him even still.,male,,dfbb4163-df24-4d54-b74c-6218a68df8bd,e3c73a9d4d5d919ed45d580b9a7bad90973a90eaf0064c95254d6311ad1b411b
14,muyiwa-the-stylish,muyiwa the stylish,Muyiwa has a motto which is never to be caught unfresh.,male,,dcf9d5a0-57b7-4126-a05e-6c8f1045d3f7,76c3f0f8b58aba0866cb78d7b78a55d8abfcb70e1f2127170b696b37c3bc5d00
15,nina-paper-chaser,nina paper chaser,Nina na Igbo girl wey like money. Finish.,female,,59524227-dc52-407c-8cca-e9e8c5fb3018,571e1c755978892b681f03a7c9908c917c04b0ade2c07e061ae5215d45ba85a4
16,oluwaseun-spicy,oluwaseun spicy,He loves spicy foods. He cooks pepper and sprinkles rice on top.,male,,808f7007-6552-4efa-bd13-4b7c337b102b,d3987ee01f24162c35399f17c35e7277505ac6a1eb78eb7ea13b076ba14d4c7f
17,sesan-the-smartie,sesan the smartie,Sesan always comes first in competitions.,male,,ba3edda7-8940-4ca4-97ba-826398d5909f,9e93341501d483b6cc862defdebe15dac02802fc412e06d219d2335621aeb37d
18,tiwa-london,tiwa london,"If she says she's in London and you see her, you're in London too.",female,,78da7aeb-8352-4e25-89ac-dc48b5984089,c6b3200e31fe0a71b3b8f447fb41a7189dae4308adcf4ed28c4875761d32dba1
19,tunde-yoruba-demon,tunde yoruba demon,"Tunde derives joy in breaking girls heart. It's a lifestyle.""",male,,53b46bd7-a537-402b-b249-0b4074a8faae,de5f22300da3837e5761c121dd900285668e676f603c32f1a39b1957ff01251c
20,yakubu-the-zombie,yakubu the zombie,Yakubu earned his zombie title because na only dust full him head.,male,,4adb6781-1614-424e-8f77-fe59ffca2209,b064fb5fef3c4d65fe64e65bbdffd4fa0d8d8701eb36cce95b55a1e2ae7f03ed
21,abdul-the-vibe,abdul the vibe,abdul the life of the party and can never be caught unfresh,male,,770f817a-9d9a-4772-9a91-e66dd9d03470,62158283ee130bc4d110244977d94d575379c28905832eb433a7e1cd38bb9102
22,emeka-the -clown,emeka the clown,"emeka the funny man, always making silly jokes",male,,78810fa6-a7ef-4d83-bf57-caf49db4ee69,ab389fcd04f641293dd678daf88fac073c67ffe4dd3bb691ac161b2d2556aedc
23,salam-the-odogwu,salam the odogwu,salam is a big time textile marketer always sourcing for quality materials,male,,f2957ded-022c-4b07-92c6-b345d4816a67,35b3611eb1750de900aebd56b80ea5e9cbac9f4bf2ed8dc16931510801c4d123
24,24,charles the exporter,charles a business man an importer and exporter never to be caught idle,male,,09395e76-19ed-4852-8748-795ee7496a8e,692bb2e0aef2ac085f50835d0174535255cb49df78b8fa006b465b0e162b404a
25,wole-the-pimp,wole the pimp,wole knows all the babes in town and is always pimping them out,male,,4d94d4f7-9b69-4e43-9db1-1fe83df92857,239b5dee2e48b464a1a887ffee61b5ec31181a6d8ef4ca220eef80544f5f8a0e
26,saro-the-baller,saro the baller,saro is a baller and is always ready to turnup,male,,d35a7514-8996-42fb-a5f2-5a603ec679c5,250e9c90f618e555eb3bed5347d8ac8ec634073af0357495b9241d73c8f50160
27,ade-omo-yoruba,ade omo yoruba,ade a yourba man takes pride in the yourba tribe,male,,92984fa0-310b-4377-8a10-15965d044383,c6cb6e5c2c22834b406d0f3d96a47ce4a66de0bfdfb34fde51bc983ffb1db77d
28,shola-cool-kid, shola cool kid,shola prefers to be alone because he hates stress,male,,3ac5c186-bc14-4eb6-8567-cc818465a64f,b273f6e451b8e0ebd2d50e2925608241bd0be648dbc9d043960cc6e52fb761ab
29,charlie-the-smoker,charlie the smoker,charlie uses smoking as a coping mechanism,male,,71a0aa22-d111-43b7-8484-43d87310bc42,95957b9bc8ed67f1d7bde996e4fd8b5d7c5d89dfeee542dfead13fa0485129ae
30,femi-the-badguy,femi the badguy,femi is the biggest guy in lagos and he has served plenty babes breakfast,male,,e493e3fb-a8a0-455a-854f-0f6474bbc69f,a6b83e89a48fca9757757bb11ce23df39124808536a9590336b95540021afd22
31,sinzu-money,sinzu money,sinzu loves spending money on flashy things,male,,942f8347-9932-4331-bd15-d0f3a048b54f,0dda09ed2ba25e9bc5037e5c523b6741c79a71f17d4deec3a627f8b3ea0a061c
32,obinna-the-palmwine tapper,obinna the palmwine tapper,obinna taps palmwine for a living,male,,0f1af056-2548-4407-bed4-abc11deae05d,e000c2d6cede35dc63e860e8032196b64f1880fccc0775b7654f41c75529b12c
33,aminu-maikudi,aminu maikudi,aminu is a wealthy man from a family with generational wealth. His exquisite taste shows it,male,,0129e7a5-e3d0-4675-92d0-1a1e55d11612,497283be2d41fc1f28bcd85236270260bc24bbf027bbb92aa82cf37934f28c66
34,sabinus-the-town crier,sabinus the town crier,sabinus delivers messages to his town people,male,,01d4ce96-818e-44b1-8813-68a7d34b35ba,a720d6b79aeef1de8642811ce473640eaf8459354d4c395d7c837eb04a9d638c
35,adisa-ibadan,adisa ibadan,"adisa the greatest man in the whole town of ibadan, is authority can never be questioned",male,,3a925f27-35f6-4dbf-9960-c6527fae5f3e,d90e6b5d809d30a42f7f1b2e39d27500c05aa00e1019ae8fcf84e1900746bd1d
36,linda-the-navigator,linda the navigator,linda knows how to make a way for herself and people around her,female,,71f335a6-5a4f-4410-9cea-179336f0e498,7eab49307cd086f4c0b3d9267f5f25ce218ec8462cef4f6dd2d9a87303769b8e
37,kemi-the-iron lady,kemi the iron lady,kemi the strongest woman known to the town of  igbede people,female,,35b11a31-5b92-49f4-8fb1-30f255d22054,5eadb14731e29612af916d589271dac745afdc531a843c487b75e1ae155650e4
38,mercy-the-sassy lady,mercy the sassy lady,mercy only care about spending her father's money and treats people like trash,female,,7a3c70ac-927f-4a63-a3df-ab86dd27cd0f,7177c6eb01722dfc0200445ffd31d307235a7e5c26e66005248e1f36e70f3fc3
39,sandra-money,sandra money,sandra likes getting and spending money,female,,1bd95fb0-7b2e-4354-bebd-22f9cf70a1ca,a89c4002938df2e81955d74dc3e847a6e2b642c19e2d1efc304f2ca81abc8fcd
40,bimpe-the-fashionista,bimpe the fashionista,bimpe loves wearing trendy clothes and looking gorgeous,female,,92b548b7-998b-46b6-8198-80d407209483,3a92a35038b689fbcb60cc2f9e6a92b2ceaf6e6927163caeceb24a82c8c8cbd7
41,kim-rich-aunty,kim rich aunty,she loves spoiling her nieces and nephew,Female,,3344a73c-f15e-4afd-a1b2-3199e27eb08f,95012f786ffb5f9b2f290d987db486676fcb4bc72bab41bb057f1ccc2694c1ba
42,barbra-vampire-bc,barbra vampire bc,she loves drinking the blood of her victims,Female,,4f31fd99-4918-42a9-a112-fa60ef36d5c6,a3a5478d71fcf3365e62a63902a31325407653389e4ead370deb7072fe6b373b
43,jean-art-dolger,jean art dolger,loves collecting art for charity ,Female,,5e1105d9-e485-462d-a5bf-1eb931976b13,e94848fc9a5d56c87ca3e2dc73854e535a6df169da16dc3b552a8ad810c85677
44,flora-burger- eater,flora burger eater,she loves eating burgers,Female,,054dffd1-cdff-417b-b6c2-a679dabd087b,4f098830ebdbb121d4f392f53a177aaaa481f839e5a22d51f5290b2bec0c81e4
45,jessie-lord-rings,jessie lord rings,she seeks her 'precious',Female,,caacabe1-0abc-43af-92e2-2231248bff93,70d6a0d1146ae46bcf65950fae6b95a9edf3f46a5d5f80c92729f5c5d3aab842
46,pinky-monky-ponk,pinky monky ponk,she love to dance the honky tonk,Female,,bd6a4b38-543e-40fa-9153-f7e1a947ebb1,f1fd1d082432a54f4553977286830dd8323e091412c8f5ce71c07cd23c7ea20b
47,wanjiru-hippie-glitter,wanjiru hippie glitter,a hippie that loves her glitters,Female,,683f0d27-3cb4-4948-b1b5-09f10bee575a,88e1b8eb48e56b5338be017e66292cdd86f83bda3d579e44d3025608377f9f2d
48,njoki-binary-coder,njoki binary coder,she codes with the best and tops the set,Female,,9b59bdb4-0c6c-4107-9d72-6d38d308edb4,08bfaacb62fc865635e16d85f5bf108ff9ab93966e7ffb775a54893a23325f81
49,wangu-calaba-hustler,wangu calaba hustler,she's a mean hustler so be careful,Female,,67f7da93-3925-4def-b660-58f558c14a19,4950174617e4224826dde770236aba03afbdd5d363c971e5095ec097f1dff295
50,lulu-dey-kpako,lulu dey kpako,she's as skinny as she is beautiful,Female,,23b6c38f-ab84-4565-bfe9-d9eb019c9f29,df86cb0c675a4eef2b187f24772a2e150c1ea6af5a5bfc55acce559a0f3906ba
51,kiki-cala-flier,kiki cala flier,she flies first class and gets the best deals,Female,,d24aefff-c9fc-4ea9-a7cf-1b741076c822,d0e680d400867978d670091f33ef8569508fbc6334feb9adc7b1b5da430ddb64
52,purity-nft -investor,purity nft investor,she is an angel investor looking for the next big thing,Female,,ee86ef77-4793-411a-88d3-ea54d84f6b24,8c251bbf379ab590e51130aa904daa0357e8a6a913523fc1fce9096df95d09ed
53,june-binary-monk,june binary monk,she has a twin thats from Tibet ,Female,,102c4cdb-f812-44fd-bf47-5065284c6075,ea03b820b0d320c8d81c2264e5d096fabab7ab9ee9805ac96170e88d34463f2d
54,aisha-crows-damsel,aisha crows damsel,she is always a damsel in distress,Female,,c4071af3-b49e-4ad6-898b-7828f90465fb,4a5672eee8c57cedd5a911f1edb66e39227c6abcc1084c17fb205b33fe0f2269
55,bobo-crypto-lovely,bobo crypto lovely,she is a crpto guru you can trust all through,Female,,427ea0f5-30a3-4d70-a5bd-a6106409b83c,b0a625c0c67b67c841ff8ac75ca62c08fbecffa7c888cdd8dbadf625f37dc570
56,nell-light -embrace,nell light embrace,she is an empath; ready with a kind word or hug,Female,,9dfe30b4-c71a-471c-8091-f5c4a238eed8,2bbb0b47d44cae5ef2f1c3c0b771972abab22484d1e48c64a1b84e622bd29c18
57,rachel-mood-silent,rachel mood silent,"introvert  to the core, a mysterious lady",Female,,11450acd-f0d7-406f-bc18-bdb680404845,5ba6341f54aff4bbe03494704a82bb1d1e0f2a94e49eb3503cfbdff8661f58d5
58,nana-reflector-agent,nana reflector agent,she loves her chrome fashion stye,Female,,63bda633-bfca-4b28-823f-7772936b4103,7d0349bbfdcf61a4cc7b1567e52aa131cbced5083add1c9cc19e29f488e82009
59,bree-busy-gossip,bree busy gossip,"never wisper your secrets to her, except you want the world to know",Female,,4f5898d9-fc99-4053-a56c-b2ec1ef41347,7ae18db2d75b3ca4d2c0ae17352e3b6cfb7c8bd6d5b2b9229cba07fdd443ffc8
60,jude-shadow-fighter,jude shadow fighter,"a ninja warrior, the last samurai standing",Female,,a47b2ed7-d4aa-4404-ac40-0ecea464cf3f,93984205aaa22ab1a272efb0401b1845ec77119ae81d7aad2eb3a21d3b591e8f
61,toy-soldier,toy soldier,a man stronger than an army,male,"hair: bald, strengths: powerful, weakness: sentimental",fc8ea3ac-59d1-11ed-9b6a-0242ac120002,1e72f7d92a4e7c0b395c6435baeeaf4d5a9c8e28270391632f77f3e82cd502c4
62,pipey-rivers,pipey rivers,a man who loves the water so much and fixes its path,male,"hair:bald: undefined, strengths: calculative, weakness: public speaking",58f69cae-59d1-11ed-9b6a-0242ac120002,20c343f3a6c180fffd0656c06235e99f93adc905a09895c3b8dfad57ba3250ca
63,phiri-of-zambia,phiri of zambia,an african woman with strength and beauty,female,"hair: two purple bun, strengths: free spirit weakness",24b537fa-59d3-11ed-9b6a-0242ac120002,1843e3894121442e57bc2de7b64a67d21b2016753386ea1f239ecc335fbb9379
64,patrick-of-bikinibottom,patrick of bikinibottom,a white man who loves the African culture and associates with their dressing,male,"hair: bald, strengths: adaptation, weakness: fluency",064c7b84-59d3-11ed-9b6a-0242ac120002,2e9e262a42e64d603e2332fcbeeee9a37b8998b11c313ef3a116296e3e10bbb0
65,nobuhle-of-zulu,nobuhle of zulu,a woman well endowed with beauty,female,"hair: brown bun, strengths: cool headed, weakness: pressure",1ee5b1ce-59d3-11ed-9b6a-0242ac120002,1cc06c36290fba68bf9a11acd443276137459e45b1ccc507502977d5fecf3c78
66,nkosazana-of-xhosa,nkosazana of xhosa,an african princess always proud of her culture,female,"hair: ginger afro, strengths: confidence, weakness: endurance",2f1a1724-59d3-11ed-9b6a-0242ac120002,64c20cac77f364408032f5c73cae04f564e2167be3ffb9a2819e6fdad7281c40
67,mandla-of-zulu,mandla of zulu,a simple and an introvert who keeps to himself,male,"hair: bald, strength: strong willed, weakness: relationship",d04553b2-59d7-11ed-9b6a-0242ac120002,3a4b047fea97ff22a694ea5362f3946e805a2e4030813baa7628fa9f5a5615a4
68,john-doe,john doe,a principled guy who is conscious of his health and ensures protection from infection,male,"hair: bald, strength: cleaniness, weakness: perfectionist",5d19795e-59d2-11ed-9b6a-0242ac120002,9fd38537ff6b05beed47ecf5fcc20d5879d2bb4bec78236df1b91d833637fca4
69,ghost-of-power,ghost of power,a woman stronger than ten men combined,female,"hair: black tied with scalf, strength: badass weakness",29c764ca-59d3-11ed-9b6a-0242ac120002,2cda85f519c7f494c72692d1aeac02738e5109fab4cb2dac01417c5d2c36b689
70,freida,freida,a man who is always peaceful,male,"hair: bald, strength: peaceful weakness",ee671c4a-59d2-11ed-9b6a-0242ac120002,1facaf57eecc4010379dd80556a9c596ff02694e4427b7fc169926a98a59c5e0
71,flamboyant-tree,flamboyant tree,beautiful african woman,female,"hair: one bun dark brown, strength: beauty, weakness: lover girl",380e4990-59d3-11ed-9b6a-0242ac120002,491148dc0267aea4108f78541c1cb06d44d2d65432331838430b9b478a8297ca
72,david-of-accra,david of accra,a combatant who fights and defends his people,male,"hair: bald, strength: super powerful, weakness: sleeping",1c1ef1b4-59d1-11ed-9b6a-0242ac120002,6bdf15abd71089cc194d8ebe2eef44d3b3600d554c5e411fd18efedb70b86e2d
73,cally-lily,cally lily,a man who is a breath of fresh air,male,"hair: male, strength: calm weakness",82bba87c-59d1-11ed-9b6a-0242ac120002,55dfe789d9ba293445a989c79d5559f486134bf7e5aeb81d87cabbad6859854d
74,bubune-of-accra,bubune of accra,"a man with honor, always conscious of his health",male,"hair: bald, strength: clean weakness",faa4b530-59d2-11ed-9b6a-0242ac120002,30558797941609386147f784ad0411624563fec54bafa3818932f025dfed2267
75,bediako-of-accra,bediako of accra,a strong man always ready to fight for what is right,male,"hair: bald, strength: activist, weakness: irrational",fb6e8222-59d0-11ed-9b6a-0242ac120002,9e83a5d84bcbff85a618e4b8bce899ebdbd0da39b3eeaa90eeea615d0946fc47
76,avatar-aang,avatar aang,a man who is ready to save the world,male,"hair: bald, strength: mind games, weakness: insomia",169f93a0-59d2-11ed-9b6a-0242ac120002,7b10f6078b7ebef447d41ae528a25df982d3922761ab8017504f7cbf4af641c1
77,argus-greek,argus greek,a man who you will always find on the look out ,male,"hair: bald, strength: strong , weakness: lateness",e7f26b26-59d2-11ed-9b6a-0242ac120002,4c65338d8ebffee83c6c267809df0620944a2fc7fbadb4a2ecc3b2c8d5b5f011
78,amahle-of-zulu,amahle of zulu,"A traditional man, feeling fulfilled",male,"hair: bald, strength: conversationist, weakness: traditionalist",169f93a0-59d2-11ed-9b6a-0242ac120002,2b77812fbaff30673719576aa5ce5df0af12f1696b6038a05adc4e0eb854fb23
79,agnar-ole,agnar ole,a man who feels like an outcast and always has a battle with his mind,male,"hair: bald, strength: strong willed, weakness: crying",f3f11fd0-59d2-11ed-9b6a-0242ac120002,69079824dd6faeae012ba9f364d7f5020abe2c07e4ff9aa642ea29bdf6faa28f
80,adom-kulu,adom kulu,"a Ghanaian model, proud of his culture",male,"hair: bald, strength: height,  weakness: pride",00f6589e-59d3-11ed-9b6a-0242ac120002,2b23e9b59ab657adf6185c208da79d9328e9e1ce78a51556e4777cb09565f06c
81,segun-baller,segun baller,,,,58ac5cf6-b644-41c6-af79-ec9aa5f6bdd1,dc59faebb25b031ee680819e1070cf443995de1958f07f814f6cd218d9a9950f
82,bolanle-pepper-dem,bolanle pepper dem,,,,46966104-775b-4443-90bb-b35afd121653,6230d6cc986ab4ed0203bb1fcb6cc854fba3a327b05d8ccd8f5b25281f3ed4bc
83,tayo-tailor,tayo tailor,,,,70828783-ac38-48cf-b966-cfebc92ebd86,020fec8047e37281223a354561ed2454e9b99015451f89c23cc37d65f44c16bb
84,ajasco-comedian,ajasco comedian,,,,8bebdb3a-f0a8-47ba-892f-39aa275fbd0d,d08bc5de73220104873ba602e267d80f20d2a3b1cac1a148d5b410f05f75f704
85,tobi-babyboy,tobi babyboy,,,,3da592d4-5dec-4bc5-8412-f1b2a0269f95,196c7e14eb8a14f461def1ae6ed75d3446c559fe86ce248b75eb09fdf933472b
86,esther-sassy,esther sassy,,,,0642a25a-966d-446f-b021-a6d18e7fa0c5,89926d04395119d0b8b582a27687eaf710d96df082b0b5204b24179c6c16efdd
87,ozo-fineboi,ozo fineboi,,,,fdb0a5b6-7367-48bb-bd6b-720ec8c15226,b9ffd7ff9baa8ce6c8ecb0446864074ec5f7042592aefc74f6af757a7effb41e
88,ade-party-girl,ade party girl,,,,7e3db30c-9faf-430d-ab48-b854fe0456b9,7e6c5b90a777f56b629c18e1d18d8099f2202e85cc5097c9031d2148a41971aa
89,john-casco,john casco,,,,2eff88ef-5bc2-4779-917a-533e952e2953,eea9d7f9cee044a5d4ad2e405ec9daa13d59edcf9c4ae5d93764fb021e6ead63
90,agha-uwa,agha uwa,,,,8478a002-1eba-4a05-8b98-7170c6e39254,65a46f3c19f0763dfc1f6465fd59ffde2151b8dbf2e4128e93d31032a3ab8ccb
91,udeme-great,udeme great,,,,d1476409-6f8b-4be9-8c93-24d9123749c5,4483794bc9c8def414864b58fd58e8cf6aad1581c56fabbca40c377dbc4f9074
92,femi-tech-bro,femi tech bro,,,,ba3ec22a-13d5-4e19-9b7f-aac764fda28c,62a050ee7717fbc2c89bceb26a2f311676c38aaf1752c5189d07f61c3337caf7
93,sai-baba,sai baba,,,,fdfff369-5b57-4612-9f89-f5d408f24a35,de13177bdc65c4e24608e53651c813ef1c1dd194addbd729737246d3b66e6add
94,omo-pastor,omo pastor,,,,49e09559-61a6-41ff-811a-272721a7475c,197869cdde281ba364db4688be89ed38ed950f5cf0dda46ee3dc87657cb5d4ac
95,obi-container,obi container,,,,4b64cf48-94fa-4aed-8cf2-452974b48ee3,f4ff535fc3ac89e4529af412b8f206b808787dff5bcd06c43ec4ba5415019cad
96,erigga-international,erigga international,,,,3ac39a5e-7b0c-4371-b0c8-7cb4b68aed2c,8880c55198199b1289ec7f09dfe54716dbcda2c5512d539159ff29f912524a2e
97,ayo-web3-bro,ayo web3 bro,,,,c137ec2b-18cd-4c29-a194-af29ac9e6c1c,f0269440f9f20968a1961e7812652951bbe58253e11d384be53ec5644757a72b
98,phoebe-queen-bee,phoebe queen bee,,,,1277e9c0-81dc-4747-89df-a9d2ae4fcf96,bfa8aefd11f162e0096082a19b9fbff511fcbd753be05f1cdf42869eff22265f
99,rachel-warri-babe,rachel warri babe,,,,19e6af3b-ef2d-46ba-ba05-59fb612ebbee,56c889a2ac1aaeefe4fc73af17585e603d043f1cbe83ef1c0502405b9cc0fb0f
100,adun-preacher,adun preacher,,,,cc4dfedf-c343-48db-ad67-e39452ec2380,d9eecee58c427cacf64f277ba9a8c154a81fb96068de8dfac7b1a76fdb56cb3d
101,adebola-omo-oba,adebola omo oba,Adebola loves soft life with her fathers wealth,female,,fbf43611-f267-4cba-bf4b-a3ffdc122589,cb7b7a8362874d37161702df106165dede96f270b7aec2955360054d2bca1db0
102,chichi-the-dancer,chichi the dancer,Chichi loves dancing and party,female,,e7c32b06-7022-49b4-bbe5-81e8c1d58583,7260cbeb00cd8b12c95d6e03c5dfa28889d022b737c801dee09c8346f5be6df6
103,hammed-the-farmer,hammed the farmer,Hammed owns a farm with his family,male,,e57d8985-599e-49da-8d62-fc16b7ac93f2,961c4efb8adcedfe16a162df1f188d4c7898838e4ab19ab103b6009076709da7
104,farida-the-tivlady,farida the tivlady,Farada is a traditional TIv woman,female,,31d3e229-003e-43c8-ba82-38f49cf58ccb,aa9956328c06def3ff75476a328e8a1f6b5c2468a3eb32d400a79db44485014e
105,hannah-the-singer,hannah the singer,Hannah loves singing and belongs to choir,female,,281f5bd7-5282-458b-9811-e369980e7dee,266662f5cf14835a4ade2f471d4669fe0f65915644cbbe6a3930c66c95dae8f8
106,nonso-the-igbogirl,nonso the igbogirl,Nonso is an Igbo girl that loves money,female,,5cfa76df-8376-4505-af12-78af24f108d6,634d35b88a71c4fba727f4d7034cdd120716b0902aa343f852159c243791f251
107,shade-olori,shade olori,Shade loves soft life and makeup,female,,1a07ca73-d39b-43e9-a0f1-ef9f5e57d3a9,67e6b2a10e67c8b6eedcbacbdc3b119adabc85e02b5b268825b9922964f9f200
108,quadri-the-teacher,quadri the teacher,Quadri is a devoted teacher that teaches mathematics,male,,d96a93e7-17a4-4efe-b09b-02185cc81ce8,d272f1416c751ce42783dec4aef1676af416af966668887771ecef47beaef991
109,Ifeanyi-the-dj,Ifeanyi the dj,Ifeanyi is a music dj that performs at events,male,,030f665d-2cd7-4376-aef5-4030dad9f2d6,86a277926d4ec489f83850e025c355292fbf112cddf6bf6c39049ba7dee28431
110,fayo-the-yorubademon,fayo the yorubademon,Fayo is a youruba demon that breaks hearts,male,,e270e278-a9b5-408d-b527-d518239a997b,52c0db0af16f2c7aaca9d76d96e8c7da94bf2056388e0e0221b284388c3956a9
111,nkechi-the-actress,nkechi the actress,Nkechi is an internation actress that acts in hollywood,female,,34b1136d-00b1-4f29-8a03-5b02291d47d5,9540c5e47021eca16db5ac97e175aa3134e0e669cd10301658a8971bd20061b0
112,hamzat-the-mallam,hamzat the mallam,Hamsat is a mallam that changes money,male,,592eff9f-93b2-4452-a2ed-5d44ebc969db,a28dc3c6d5caad812775e2a231bfb2522ae714c4a79082b41ba1348ba23cba90
113,nnena-pretty-girl,nnena pretty girl,Nnena is beautiful girl that loves to talk about her beauty,female,,d9477612-ad63-408e-8d12-24679c647b32,8343ca96bc707ec1fc21a806beb78b7a2c63b181be628c3331960349b4ff60b7
114,tunde-the-boss,tunde the boss,Tunde is a boss that orders her helps around,male,,7635c4ee-04f6-4872-bfc9-37e5a73c8fc6,53695c6f1e2eed42bb1f8e06b9e3142ff31a74771efcd9737e05c8053a231d51
115,nnamdi-the-barber,nnamdi the barber,Nnamdi is a baber that does celebrity haircuts,male,,152758f3-9414-45a2-a809-95cb05a3de13,249dbbd42fb2473ca2c4253a3a9eb0f420ca4ed745cc692e292aeba08f81cdcd
116,amaka-the-hypepriestess,amaka the hypepriestess,Amaka is a very hyper that she hypes in the clubs,female,,c7726e84-3c5c-4e66-8677-cbfb5c9ee850,81957e616dc4e28a1087294b54298b63034112836aeb912a58884d45f8871d96
117,kemi-foodie,kemi foodie,Kemi loves food but cannot cook,female,,3116cb6f-14c4-4d5a-af57-54253b72a309,95c724dd7833c424ba129e0da1a666da821a4b99b30b23f1995ea4e54b83711c
118,ada-the-fashionister,ada the fashionister,Ada loves fashion that she rarely repeats cloths,female,,a14df1c1-7a5a-4a33-8780-0fb01c593da6,48eddb81aab39fe1ec80e73d129280e68bcf9a232a9497014d46c04871211793
119,kayode-the-baller,kayode the baller,Kayode loves life and lives it,male,,fe17bfdc-c251-4654-8313-1ab793e11748,40f9d967a48794ab92c4230b2c547e753337384c7e1034018d24e6990eec9060
120,kola-of-lagos,kola of lagos,Kola is the life of the party everywhere he is,male,,df295be1-1509-406e-a263-28a5dee0abca,072c28eccf814f61242db4ba49664d67fa2b9f6375ddee72a72747f3c050d62e
121,azikiwe-popular-trader,azikiwe popular trader,Azikiwe is a popular trader,Male,,7ebde325-8efc-4997-811a-b5686269929e,90fa1890ba4ef3f6c1c0df28fec6c796b58d9a44ada0ff1d47659b21fb447119
122,obasanjo-funny-guy,obasanjo funny guy,Obasanjo is so hilarious ,Male,,c136a120-a339-4080-96ca-1c93845c5848,1ae15b20f6058f4ba07cbdf9be9259768c7434264125a911fccfc91ff15d3c2b
123,yakubu-village-chief,yakubu village chief,Yakubu is the village chieftain,Male,,5b0c0d26-d204-4264-b579-081ff9df935b,af3ac1ed7cc40775919fe33f9fc8e4584c1ba983d3576e8974e0ab4172c6db1e
124,abacha-loves-smoking,abacha loves smoking,Abacha loves taking pipe,Male,,8ac6d95f-0cf3-4f54-9cf2-be8834b3004c,c7a412b278619440f80844d88addaf1c5e449b9f1abff3839c342a65584e82fe
125,johnathan-good-leader,johnathan good leader,A very progressive young man with positivity ,Male,,241e3713-4ce3-48d0-827f-b282ae2db6c4,a99bf8831adaea1a9e4b38fb68ea4981b32570ea67cca260a34549d340e9c85a
126,johnathan-genz-kid,johnathan genz kid,"A child of the moment , all fun and cruise ",Male,,90c0ae09-a35f-42ad-b93c-dcf30169acd9,16fe30a673cb66bf667046ca6fc9c3b31a6a79ecb46a037c1497c0726de3be62
127,eddy-the-community,eddy the community,Man of the people ,Male,,5cabf9d9-882b-459e-9253-8c07eb045e2d,12b3f786f7524965d0b8ff0164abd398d6f87075f366b9f0c010d6427e0cc6ec
128,olu-the-oba,olu the oba,The oba of Ofuk kingdom ,Male,,04c4b28a-aca0-44b1-a064-ed0d9d2a31ca,68c38231b93af39fba559d50cfa31d5370de02b4e8d2954d2ccce02007d41c00
129,edu-the-biggest-trader,edu the biggest trader,The biggest merchant in west coast ,Male,,48d1de5f-5f3f-46aa-b2fd-68420a8e802b,8501f7ab188c4c37bafe8e17d1da1b44a46dc63049ffaf8f46f187fa8fcce577
130,james-importer-and-exporter,james importer and exporter,Sole importer and exporter of spare parts in Africa ,Male,,22541251-022f-480c-8c1e-cf754dce16d6,35263274204d36f3b616000e18e09ed8e7e6ab09be5297f791b04261c0d85940
131,lanre-the-dreaded-guy,lanre the dreaded guy,The wayward tout,Male,,66a054cd-5541-4000-98aa-8f2e9892d880,ecb016fa9e940d4a27a5fdbd36d8735d41391179cb67f899ee6395ca3a3445c5
132,olamide-the-street-boy,olamide the street boy,Friendly street gang,Male,,d50a35b1-b42e-4e0c-8dd8-9b892b56d371,f9cfd3b22e43785f41856f8be70a1f268c43d39be7abd0e3d18f8d33208dc16f
133,uche-peace-loving-man,uche peace loving man,A man of peace and discipline ,Male,,6c9d6eae-2ea2-468c-a2c8-928aaafc084b,a29f37985604f152e10f963a1b6c5745e421fa44e3b6af815febb028d15eedac
134,dave-the-tech-bro,dave the tech bro,Dave the web3 geng,Male,,c0857b11-bf0e-46a4-9108-b8eb93d83e74,80bdefdc186ae23f6fbb4e4e8c84a9c4d1e469838ec4a679a7d97fc358f4340a
135,obi-the-biggest-humanitarian,obi the biggest humanitarian,The biggest helper during the pandemic ,Male,,201a408c-7a2e-42d9-a62c-0136c885c211,3256334108912079ad0bb14ab54c2e843b2f83404f213533ed2fc18eb37bba0f
136,precious-the-emotional-girl,precious the emotional girl,Soft hearted and sensitive precious ,Female,,b6a41ff1-51ce-42f7-9933-85d0a22ced68,e23135c07d7bac9c63bfb7d42d5331d6af5d770fcf0974b333db52c957b7eda5
137,ella-serious-minded,ella serious minded,Ella a dedicated young lady ,Female,,04036447-f43e-4bfb-9503-f55c9064b14e,6e704273e0aba331cffa5e07315ecf3d8989e50536ca1fb78993bad0d815df53
138,cynthia-cute-eyes,cynthia cute eyes,Cynthia with a priceless cute eyes,Female,,5d12847b-6d71-4691-8337-2e6ef3e283b2,3d29ed7db840704cd467ab72979678668fdade2d37726d4d62e0c0d5c93ec1a6
139,mary-with-hair,mary with hair,Mary with her beautiful Afro ,Female,,98035e8b-6540-4464-8a3c-fdac9f07b168,6b388a03344f7add3bd39578d308c5473b540f62e9b2462d2d2d529111331c9d
140,ada-chewing-bubble-gum,ada chewing bubble gum,Ada always chewing gum,Female,,15309dc5-e483-4658-b503-db85ba2c1722,43a01080b16c2e588c31757fa16a0297e13883e55bd99805f0f8ff40205fb95d
141,viganem-the-drummer-girl,viganem the drummer girl,she loves jumping a fence to play drums after school,female,,5a5a6f5c-39f3-4beb-ab74-60d3c7a90fd4,6f7de187125be26d2e53df9468e512462fc08711a39bf79f43b09eb268615c05
142,lenusuka-the- big-woman,lenusuka the big woman,The lady that loves spending money and buying everybody asaobi,female,,e564a43a-ef77-487d-a88e-749d20a09fd8,a7788ad165ab9da1e1fc14ce549967cb434dd1ce2b5a5be869130c6a0cd868a2
143,enepua-the-clout-queen,enepua the clout queen,The lady that travels all day and enjoys snapping food at restaurants,female,,6dc7e452-0626-4f4c-a28c-f5db3532e305,b94423a0bd589a6a02cc4a26cdd234c9e74ba7aebcc0baa5ed5a9bedd203e6b1
144,usifong-queen-of-mushin,usifong queen of mushin,Changes her hair every 2 weeks and cannot finish one pure water,female,,221263d0-8775-49f8-bbf8-4b08b49e1482,b8fb6ba87b6392f125546b6010683154e7a5ec976d2402f91d131ef3b748690f
145,akinyim-the-agbaya,akinyim the agbaya,Always playing with small childrens and mostly small girls,male,,c1070dce-48a1-4ae8-b9a4-d070859a8377,199cf846debbe2899200665de636f73639133135713f64668816d15a6bc37284
146,zawadi-mr-sleep-everywhere,zawadi mr sleep everywhere,Likes sleeping in the weirdest places especially in clubs,male,,c22489fe-574b-47f3-9667-c9c798b2d4df,1fcb37a18d6f7cd68d16b4d4e8ae93eadccd37284b89a0e8dd8a82db196a0a07
147,chepkirui-mr-self-love,chepkirui mr self love,Likes taking care of himself and spending on himself,male,,1a91e778-d214-476b-a667-94e9ecb8b5ce,05170959307dc8843f232b3701ff40c05c35c115b32d21ccba7a057ae38b8b42
148,naserian-mr-fear-fear,naserian mr fear fear,Has never slept with anyone and can not kill cockroach,male,,8177cf38-8284-4eb4-b19c-04473bcb3b5e,337786f40d460d9cefc0d8b5427154ad1322cdaef1a517b264a39e2e57535b1d
149,wawuda-the-ashawo-of-africa,wawuda the ashawo of africa,Brags about his body count and follows skirt anywhere,male,,0554bf35-f588-4009-aafc-ef875b878c29,8c0b45db23f55e91a1d3562174e9d104397901e9879bad8da306cf1b4d0bc553
150,kerubo-the-igbo-smoker,kerubo the igbo smoker,Loves only his igbo and is happy when he finds an old blunt,male,,33ba8e73-7949-4bc7-ba27-37ee1d573946,e8680758ef7a58e05ae6c4a5860b57f4e42b96f5efdd0c44dbd8b2612617ae67
151,rehema-the- olodo,rehema the olodo,Failed primary 5 eight times and like playing football after school,male,,1fb33783-4898-48cf-8a73-f81afc71e1a8,4d6586c550d69d82604e8c79208c30287224d7d673d58708d5c3a4030a5de944
152,nekesa-the-brainbox,nekesa the brainbox,A proposed elite who cannot write a simple speech,,,7ba909bd-19a1-454d-a86c-a45e85cb94a6,26dc9a19adaebed6426cab6c714b8d1338f008f9261f269cbef8cd62dca01769
153,kiokoli-the-slowrunner,kiokoli the slowrunner,Always running in every race but never making it to the first 5,,,d7027b6c-ae53-4cce-b80d-67aeb7ceb1ba,18842a98924d95d90a7f4e4f0509b73df3c7579df11418387567837afbee88e1
154,adjuani-uncle-wire-wire,adjuani uncle wire wire,Mugu money spender that loves spending on women extravagantly,,,36cd959f-d280-41f6-af76-765715c72527,2987f2fd75c19af324cf2bba9761862a103fad83e31575712fb944640ef60cec
155,ajobaru-a-serial-killer,ajobaru a serial killer,High end assasin who cannot survive a day without sex,,,9d262f55-73d7-4b95-9a82-42356dbb085c,8fe11592a465755cc37ddd14fb31dc472bb4bccd1e9e2a0ed4f506348f9558a9
156,effiadem-the-fireman,effiadem the fireman,A retired military general who always loves shooting at sight,,,a4534fe0-b5ed-41ab-af72-1f2d0ff0fc64,71e4393f1edd52381d4523997ee63339680b35e1071b16f722f64fc437d266bf
157,deladem-the-commandoo,deladem the commandoo,The nerd who has watched all war movies but cannot fight a kid,,,88106b92-da30-46ad-a3cc-d528683b9e33,bbfc790e0d1454ea88fce1d8a64e77f48c1f5fda76890fcf28b906197184b5fa
158,dogbeda-the-monger,dogbeda the monger,A fisherman who pracitically live in the river,,,66a09968-cb92-4378-a588-49947f68c537,788310f14b36381d626d7d080ec182181ee9238f0cc956a37481f0c8cb798204
159,enyonyam-our-slay-mama,enyonyam our slay mama,Posts new pictures everyday and can snub for africa,,,5e7c7f9d-d631-4759-9b27-cbaccd33d39f,ca19c99d52bb8c855eae9bc7a20f03bd57a81153593ca3f4b6f37ee83e024379
160,lumusi-pro-technician,lumusi pro technician,The electrician well known for wiring burnt buildings,,,b07676a6-c611-410d-8426-46c9c525189a,7f7bb6d0c8a5f8b75e3fe46eb2c69101b8307f082bd539ac27cb4588a8df1121
161,funmi-the-fashionist,funmi the fashionist,funmi enjoys fashion and she always takes opportunity to showcase her wardrobe,Female,,4f9d99a4-78a2-4fdd-bc30-b027600fa88e,c5bf644c0a02eb17364d8446ef88220f9764d2086979ba7bdbfd0e45c5fdd1b2
162,bola-the-funky,bola the funky,Bola is a funky fellow but she has another personality no one knows,Female,,ac721b71-cbc5-425c-851f-ee826973f0b9,fced844cf4a798020df163fb723e1b914d4a0f483eb021d661d4014110b90f76
163,bimpe-the-runzgirl,bimpe the runzgirl,"be careful with bimpe, she can run you strong thing",Female,,eaa7662f-6926-468a-9add-e791916ae42b,5362dd0ccdf4a8f05955e159fcedc4920e96447f5932287f1c1b02106f2a34ad
164,sola-the-queen,sola the queen,sola is a princess. she's got the mind of a queen,Female,,d5f23ad3-832a-4d3e-814e-e23f466d18a4,fb86ea57d4b0699da75113b2e5fff426d6d51a945fe1e3f3f055638ac47f06a2
165,temi-afro-girl,temi afro girl,"temi is know for her funny haircut. this time, afro is up",Female,,4f9d99a4-78a2-4fdd-bc30-b027600fa88e,f87456b761f99e59941d3ada1501224822c02251dd3ce940ac2adca9b03e09ad
166,jonny-the-bravo,jonny the bravo,jonny is our local police. he breaks boys free,Male,,2b345988-b4b0-453b-ad39-efe1321bc8f1,339d76df567bd30be7d947dc8ea761a1bd956616913cd6661100452779c40a3a
167,tunde-the-bigman,tunde the bigman,tunde is the big man on the street. flamboyant life style is his identity,Male,,56db423e-8b09-453e-b5fc-61f4da9d7a6f,2094fcbcaca96280367123edf5d18cacc740cd0c464e02cac2fc43cbff5f3c5f
168,joe-the-plain,joe the plain,plain and simple. no one in town is more gentle that broda joe,Male,,7a3083bd-5aa2-48b5-a30b-4445cc060f57,b7765bdcf70a532a6a281954293a2ccc54ed21ff7074b7fcf1796a268f953b8f
169,wale-sharp-guy,wale sharp guy,wale no de carry last. the thinks and act fast,Male,,44906ea0-901b-4b3d-802f-f73acc8758f6,996589c850b5ea13b46710d2cebf7f397604bb8e2dea0720d32bc1f1e1e5a110
170,dele-the-snoozer,dele the snoozer,"if sleeping were to be a job. dele will be the world busiest man. set a bed in a fury furnace for dele, he'll sleep.",Male,,4f9d99a4-78a2-4fdd-bc30-b027600fa88e,e47d2fa677880f32c359114997eb0153a0461da620ae476536afc393632ff04f
171,father -of -tolu,father of tolu,baba tolu is a proud father. he will sell his soul just to see tolu excel in life,Male,,a2651258-ca3f-4940-b095-3a61ff630263,98f067b8ca29380c690c5eb5567ee3ab3357a6710cc1d80f2c00f90eca62ac49
172,emeka-the-chief,emeka the chief,chief emeka is the pillar of the community. just and fair to all. the real mazi,Male,,de25fd63-dafd-4f77-8072-7ac0ae3a3ab2,3372910b67099d3667b00bb8ea709c78a59fc6ba921f774d5181dc8e3479528f
173,lawal-the-drooler,lawal the drooler,"lawal has only 2 business, alcoholism and alcoholism. it's only normal for him to drool afterll",Male,,806b640f-1c8b-4cc0-aa10-45f3ddc00140,d4876d2b2645a978f7d42adb99999350f35d9c96c92d0763ab5494bd9bf75bfd
174,solo-the-messenger,solo the messenger,"solo is a multitasker. you need anything done in your home, solo is your guy",Male,,44906ea0-901b-4b3d-802f-f73acc8758f6,d48de7a989a3a5a58a42877d1ad15733829084145a258824841cc35c95abca5b
175,femi-the-honorable,femi the honorable,honorable femi is the modern day politician. everything he does is only to further his political career,Male,,af53bf52-b517-4347-adc6-07cf30c19025,5b46fd43a9d9de7ebaf1b112966b0c53d3c1e2bd0e6a401a77f7b3791f5a4b84
176,friday-the-bigsboy,friday the bigsboy,friday always live up to his name. every friday is for the party.,Male,,05ec3aae-7da8-4125-93fb-6fc544e5bc61,94cc93885a93f5d6d846f9d9f64f8e8c6c255097e6816226d06a452f9803eda3
177,kweku-the-planter,kweku the planter,kweku says he did it. kweku dey plant Igbo until he was bursted,Male,,af53bf52-b517-4347-adc6-07cf30c19025,d3089a28dfc8760797b71f6beccee0898d1455145b82292da47bcc86b718fde1
178,2pac-the-remix,2pac the remix,2pac is alive in him. his style is exactly the same. upcoming artist,Male,,9993e5ec-2f31-485c-9c6d-f780c078ae56,2fb883745bd753fbeee07e04212beb41705857233a2fa06f264cdc5fe474e0b6
179,tope-the-influencer,tope the influencer,tope is a famous influencer. loved by his followers which keep growing everyday,Female,,3b3e1f66-922b-4f87-8cdb-0d09fc143182,347f81dbdb7d7b7c0dbd64dbe74614a8a5095ba109abf1f9f0c088f5beff3ab9
180,gabby-the-evangelist,gabby the evangelist,"evangelist Gabby, blending gospel with comedy. he's going places",Male,,ac721b71-cbc5-425c-851f-ee826973f0b9,3fd624a9bc2da3f7b13f7789ab53e9dd7aac43b9bf7e877f66e213c8092ec8f8
181,beauty-of-town,beauty of town,She is the most beautiful in the neighbourhood,Female,,7241a1be-59da-11ed-9b6a-0242ac120002,d6aa04e2b12977383b0f51e065726b230d776f7f36891df15007a1730469660b
182,lola-babe,lola babe,Looking hot as always,Female,,7241a664-59da-11ed-9b6a-0242ac120002,36094addd817ce47456ee25d4c1c542da0c25610d3e31f864a226ce31937e8c1
183,cardy_h-sharp-babe,cardy h sharp babe,Cardy is the sharpest amongst her friends,Female,,7241a7c2-59da-11ed-9b6a-0242ac120002,09803efddaae53fe07882e085b516f3a0df9ad88e89fa8279c1b80cf6ecdc548
184,bella-the-baller,bella the baller,Baller for Life,Female,,7241ad26-59da-11ed-9b6a-0242ac120002,f13398fcafc9a2f789466e4fbad69e64652a4b2f49102fd6b6a45d86b3ce428a
185,milly-of-roses,milly of roses,Her lips so red like a rose,Female,,7241af92-59da-11ed-9b6a-0242ac120002,8a8169d1e970dc811b25c22c6d445f6da8b090fdbc9786ebb07f0f5dc38923ed
186,Preciousjada-the-viper,Preciousjada the viper,Her words stings likes a viper,Female,,7241b12c-59da-11ed-9b6a-0242ac120002,7cef391c5cf8a91c3fe5df807e06a1bc3e3ff0f80dbcff97ead25bc8d577906c
187,lolly-of-NY,lolly of NY,Most popular in NY,Female,,7241b2ee-59da-11ed-9b6a-0242ac120002,14e14e4a27a2ce5c8ed89d76db15f796c25b9536c585b1d0e66e9de346e1dec1
188,Disy-the-dancer,Disy the dancer,Dances her way into any show,Female,,7241b4c4-59da-11ed-9b6a-0242ac120002,2171002ee5fe4c7248887cebe27629298a065daa53ced9fc8ef10f0b4211bd91
189,Jenny-the-great,Jenny the great,The greatest of our time,Female,,7241b852-59da-11ed-9b6a-0242ac120002,4145ca5776e2501672ae5fad8ff95f5ff905cef1a2911a1d842e085a84bfe2e7
190,lolly-the-pop,lolly the pop,Seeing lolly makes me pop,Female,,7241ba00-59da-11ed-9b6a-0242ac120002,0b6ff3e806ddde079c53c819a0bceb23ab1e40923e1b469ff3e37ed7e1c8dd4a
191,disy-the-queen,disy the queen,The queen in her own space,Female,,7241bda2-59da-11ed-9b6a-0242ac120002,b587f21785b58220b089ab9e30e2b95519d9921e08414b6888d240880a372217
192,JennyP-of-Lagos,JennyP of Lagos,A well known celebrity in Lagos,Female,,7241bf1e-59da-11ed-9b6a-0242ac120002,4b91f9b87e560ad8b0a20bf89640f7d2fec6cac39692d3fe4a157a23cc517afe
193,Jada-of-life,Jada of life,Her business signature,Female,,7241c202-59da-11ed-9b6a-0242ac120002,9621c79db26e4ebd031150d3619740a2628d69e09584d73229fe50306d862a78
194,Sandy-the-rapper,Sandy the rapper,She just loves to rap,Female,,7241c342-59da-11ed-9b6a-0242ac120002,f840943cbfa6579072ce62391ef318211e92629c75c5ad0b745f71d779dc7fcd
195,Dahila-the-genius,Dahila the genius,The genius in the family,Female,,7241c4fa-59da-11ed-9b6a-0242ac120002,a88bc749487cee9ca83c129078d1478a427910923d8c6053bb27627a8ec4d122
196,Rosemary-of-Yaba,Rosemary of Yaba,She has a cloth store in Yaba,Female,,7241c61c-59da-11ed-9b6a-0242ac120002,ed5f6987369d84d397f062e8352fb6c35717ecd3be490678910f122724c1648b
197,Jennifer-of -island,Jennifer of island,She goes on vacation to the island,Female,,7241ca18-59da-11ed-9b6a-0242ac120002,d1cc5a35fc1fe4bc869bf9f2105992aae83879e0914ce7bf187f92a539be33b9
198,Opeyemi-of-lekki,Opeyemi of lekki,Opeyemi lives in lekki,Female,,7241c8e2-59da-11ed-9b6a-0242ac120002,d1e3d46e5608fc594ccd898321322f0255b76fb45eb0145b6e42a2397411733a
199,Vicky-the-artist,Vicky the artist,Brings life into what she draws,Female,,7241cb3a-59da-11ed-9b6a-0242ac120002,18ad3bf7887ceac06bb64b95530c3330d19d74009d073e41da7f4ebffd1470e6
200,Afrogirl-sailor,Afrogirl sailor,She loves to sail the ocean,Female,,7241cc66-59da-11ed-9b6a-0242ac120002,3777cda3290df298cf93aabb4af4b4e3083ff65d95edac170172378572d1af7a
221,hng-newbie,hng newbie,A confused hng participant that cannot understand her project,Female,,0ddbd22c-b3bb-4c72-9f51-0361480bbfa7,3367423856de5b36462549c8b5689ef88837061e10d5e25e6716dc0b8267c8b2
222,nene-caroline,nene caroline,A housewife that loves taking care of her family,Female,,4ce5bcf3-d4ed-4277-8187-cb1797c1ac7e,1c43ccb10eb6a1de48865cd53d61269fbdbefab6b0f24f907cc7e86f912cf213
223,wazo-partystopper,wazo partystopper,A Nigerian aunty that loves to attend owambe parties,Female,,77237cce-bae0-4d60-adad-27055f0eed39,2a321008c07a613c1a9fbfece9add5104e0013bcdbe7ad5d322000ade4f32e96
224,melanin-janet,melanin janet,A young lady with a soft personality,Female,,a5a2854e-a850-4b15-b3c3-176a79b2d34b,e1f8b4042917549788b63d8cf61c32e6fa0a3d3217888410a681bf91690509a2
225,leo-sugarmummy,leo sugarmummy,A middle age wild yankee returnee,Female,,7ec03993-f500-4a41-aa3c-a73df7a0fbed,07637a12d72bd73a8cd9c8d487fec846e6bcb2076da5fa87d83a0428890c1b0d
226,novice-joane,novice joane,A princess worried about finding true love,Female,,a5d49163-41b1-43fe-ad7f-0c78ef530b1a,dc24f2e6d70138d13325e2ea4836545a0d2922c1d46310faa46e8a74e9bbd179
227,goofy-simbi,goofy simbi,An eccentric teenager that loves music,Female,,df7dc588-f99c-4592-84f6-08b40047d9d1,dcb3679d51c90da1c0627ddc64704e80440eb2120e0e1ffdbaf8ac2e48d279ce
228,akwaaba-ghana,akwaaba ghana,A depressed gothic introvert,Female,,d1e8b38b-994b-487c-890b-9034d3ab7dcb,40fa09248e08e394b6490394440484c82fcf5d8fbb90c7a97b9b9de3b7bc85ff
229,aunty-toyin,aunty toyin,An oversabi family member,Female,,1326ef4b-224a-497e-9452-e63a4486e387,45505ef030e80c4e985946f21c91f3ee16e192c395cc72e02e2fb6255e504fa4
230,pretty-hauwa,pretty hauwa,A young bride involved in an early marriage,Female,,7c771f82-a512-403c-91b9-6736318a8796,1c83ac4dbcfe6a4df873d14916827c9307a53d5c3c6abbdec6e26e950959c223
231,chimamanda-enugu,chimamanda enugu,a young lady born during the war,Female,,eaad5c98-3f85-4480-9c4e-b73340cfba4f,4755c0d59abe131a0c87ccb4cedea43ac723e57ff924ece96fbf144b7a7f5808
232,kente-solape,kente solape,a respectful and diligent princess,Female,,613ce65c-4b16-43f8-a0d9-b5ea8c5f2195,6ce43b43277c9ca3aeed2cb24d9fdc06f9cde21ddcc3a9c628a2569d7d199f8f
233,vamp-karishika,vamp karishika,Queen of the darkness,Female,,c4ee8a54-0874-4a7f-8344-dea8ba41f5dc,d6a0f9511c7585eb814cfa51f68db57bab059939af6af8c0005d8a4c2defdd52
234,genz-monique,genz monique,A sassy lady with her own vibe,Female,,b5328f13-b918-4e76-8d4c-8b4aec5eb5fe,7981734a08414748cc2c5d70ee57d6fe5770ab21ed22a0b5fcd0cb53a7a017ec
235,femi-boltz,femi boltz,A driver hustling his way through life,Male,,03e8d36d-5bdc-4da4-8f64-c1738eb9d1db,40cd0bafd141ac7020a7665db702a14d85ac769709327940d3718c1c9b7d8b04
236,agba-tech,agba tech,A tech bro that loves to party but has bad communication skill,Male,,403f28a0-6aa7-4f80-997f-b0982c169baa,5670e66cdf5cc345c5c34f5502415f5017e9203416e7c2652ad3854ecd1ab5ee
237,brian-richkid,brian richkid,A trust fund baby that does not know how to manage money,Male,,9d945d79-dd2d-4755-b9c7-bff837be8557,e353b39f0f2d4d35563d7ae6ef9cd72fcb7f052793df980aa61a9db51e923e18
238,nandi-zulu,nandi zulu,A fierce African Queen,Female,,09702bc0-d10c-48d3-a1e9-2aaa4e9f3f39,d9298a83a6407ec1951d1e9300dde9839f3f1dc9c97f7dee327d778c71c56755
239,ade-demon,ade demon,A lekki playboy that makes money from crypto,Male,,0be2d50b-3e57-4e39-a199-b211d2be860c,c1294580d333b5a53fa9f33ada6dc7ef04fe19c8a50691865113596ea0070e6c
240,karim-rapper,karim rapper,A young and proud Lagos rapper,Male,,169b58f8-b84a-4ab3-a4b6-d1c5b36aa1d3,77aa9b7c0dc5b5a46d7d1044bd5bd06bac9156c5306e3da372643559761200c2
241,bobo-alinco,bobo alinco,Alinco always in the mood for play,male,hair colour: dark brown,ede853c4-5abd-11ed-9b6a-0242ac120002,97cdf12fd561dbd55d0f97ae56de3b72d592b9ef96410d6365d82eb7bd838d64
242,chi-lastborn,chi lastborn,"Baby of the house, the lastborn of an average Nigerian family",female,,ede85964-5abd-11ed-9b6a-0242ac120002,ee93dc4506ab6508a9c408d0c2088bb942d2bc472636cd607bc6a81d0dd7672a
243,uju-robo-robo,uju robo robo,An aso-oke business woman at balogun market,female,"accessories: ankara beret,",ede85f90-5abd-11ed-9b6a-0242ac120002,7129a06589adbde61332dfd76c9cd67aa756642f1f9044db11a8dc12a7387eed
244,yetunde-anifowose,yetunde anifowose,Old money lady who was in UK before UK was UK,female,"accessories: tobaco pipe,",ede861b6-5abd-11ed-9b6a-0242ac120002,ee7b3a5e47fe65e09de334c562cceabf9111073422929510df41e1ab06986e78
245,dumebi-jjc,dumebi jjc,Innocent 100 level girl wey never spoil,female,,ede865da-5abd-11ed-9b6a-0242ac120002,db125f0935e260a980fc53951d3aa557aa9767c69645bec23112b0d2cdafa37e
246,ukwu-nengi,ukwu nengi,Well endowed woman who will always make heads turn,female,,ede86800-5abd-11ed-9b6a-0242ac120002,4f9bfe4d193f3301b4c696855cf2c94cf89c579c689f5415955cd6bfb28ecca1
247,nonso-malay,nonso malay,"Man on the move. It is either ego, or money my bloder",male,,ede86a12-5abd-11ed-9b6a-0242ac120002,66b37caf2f30b28df76dce3803427742677feca8526080dbc776734aec510a03
248,saro-texaco,saro texaco,An oil tycoon who dominates,male,accessories: cap,ede86c2e-5abd-11ed-9b6a-0242ac120002,a43dbe9715d12e980e48caf41f061d4703fa9db27cdc0f95517a2f13c7af8260
249,akpos-agbero,akpos agbero,A Warri boy always in the mood for violence,male,accessories: cap,ede86e22-5abd-11ed-9b6a-0242ac120002,5f8959f140960963bb5a8c58f161cd6f7b8c171dcee2163ee53e817dbe316f8a
250,kasali-danfo,kasali danfo,A danfo driver popular for his positive outlook of life,male,accessories: cap,ede86fbc-5abd-11ed-9b6a-0242ac120002,d23c7034e71023e8c553da2b34d5fffd5d8a2f9e432178df13f6d34e7ff97900
251,osaz-benz,osaz benz,an Internet fraudster who hails from Edo state,male,teeth: gold,ede87fca-5abd-11ed-9b6a-0242ac120002,defccf666b8d559e77b3c439b0e5ebb1147c98b033563400deafef49c58f0f61
252,kareem-kasanova,kareem kasanova,Abuja big boy who knows he can get any lady he wants,male,accessories : cap,ede8820e-5abd-11ed-9b6a-0242ac120002,7ac44e601967ed5503ae6d64a989cdd869bef65e55ba559c68b2db09344e991c
253,mayor-of-uyo,mayor of uyo,Essien is a top Lagos businessman who hails from Uyo,male,accessories: cap,ede883c6-5abd-11ed-9b6a-0242ac120002,d5d224dbbf15ba89047e657fb46a1ab536b569eca5104f6758607f9b520241f2
254,chinedu-china,chinedu china,An Nnewi blooded spareparts importer and exporter with goods from china,male,accessories: cap,ede885f6-5abd-11ed-9b6a-0242ac120002,e2beb103c6d01b7f5321f64b0703918a54cf3d0c0549f9dae2a9447c7f57c4ed
255,papa-ekene,papa ekene,The oldest man of the Akwauzu clan,male,accessories: cap,ede88808-5abd-11ed-9b6a-0242ac120002,a765e96e9c117b9f6b74c6259ccb3240fed7ed0742949dcffc7f8110faf432ca
256,ogbeni-rauf,ogbeni rauf,Minister of enjoyment for Freedom state,male,"teeth: gold, accessories: cap",ede889fc-5abd-11ed-9b6a-0242ac120002,786ac7e9ccb9c96c8e0cb3f27bb91399784b8e6e6d1ec6b336699940ad99f5d8
257,koffi-banku,koffi banku,E be Charlie wey no dey use en stomach play,male,,ede88c2c-5abd-11ed-9b6a-0242ac120002,81403ca0e9a97a0d6a9920bfc97c3c53b0cab9b381413ba02031cba5422763e0
258,alhaji-bello,alhaji bello,Rich hausa business mongul controlling half of cow production in Nigeria,male,teeth: gold accessories,ede88efc-5abd-11ed-9b6a-0242ac120002,3e399ba935c131f3d3de9d225c6e3326a69ffe8cbac9aa4f5252628e6b4cf484
259,toju-mafejopami,toju mafejopami,Toju is a street hustler wey no like stress,male,"teeth: gold, accessories: cap",ede895d2-5abd-11ed-9b6a-0242ac120002,6610c54bdc768dfe2e9f2b5e45120ecbeef9223a61eb45f748e80d80e66e3ba5
260,femi-maserati,femi maserati,"Rich kid who resides in lekki, known by everybody because he drives a Maserati",male,accessories: cap,ede89802-5abd-11ed-9b6a-0242ac120002,bcaf76ffcd977d3b3f3f3c8490f46d1e4474ac5f9e733c5df456daba60d154bb
261,Paul-the-comedian,Paul the comedian,Paul trying hard to make everyone laugh so hard and fall off the chair,Male,"hair:bald: undefined, strengths: calculative, weakness: public speaking",f8112915-64ca-41e5-9ca4-5b60c47d7a01,1308677650568759006bb5ac75a4fe61f0a8ec2a268b955d5057df1c3df61a4e
262,Amina-lagos-housewife,Amina lagos housewife,Amina is always showing the rich housewife vibes,Female,"Cap: undefined, Eye glasses: undefined, face mask: undefined, none: undefined",5612f542-d85e-4a2c-8661-20553dfd07bf,f386cb666f4ab19efbc48b80d689f5b8b05e24507b4fc8f68c0754daae0b0576
263,Kiekie-the-asoebibella,Kiekie the asoebibella,Kiekie is classfied as the life of the party,Female,,097014d5-0ef3-46f5-9a9b-5c01f70114b3,8e4ffdb89ec3cb979b0805ed117694691789e9d45c738c527f4877b526c297a3
264,Kunle-the-hunter,Kunle the hunter,Kunle goes for the best and hits all his targets at bull's eye,Male,,b0310fc2-4bed-48e5-abfc-566c964786d7,307670b1771546962bc0f4db30d6a30f03b451e8685aba36d49d3c8d1f8469cf
265,Amara-the-hairstylist,Amara the hairstylist,Amara is truly your one stop shop for all your hair & beauty needs.,Female,,412345b9-7e04-4102-af7c-5458721ac64d,89d62d4fac93e53501cabe461e35d4612a511ae2d7f84191132a7d6dfff74f1d
266,Mary-nail-technician,Mary nail technician,Mary makes magic with her press-on nails,Female,,17ea9c3b-c90f-4023-84d6-d563c098b030,3ffd61a77e9d9fbe6c21d5cce1c6197edcd4de6a4fc2b3f58fc158eaab920137
267,Odogwu-oil-contractor,Odogwu oil contractor,"From Malaysia to Kaduna, Odogwu's oil is known.",Male,,b503bbfb-f972-4d4a-9352-e9dfe6671d36,64cb3b78437f730923ef6e1ec80cda87571c71f32019c8094cbeb4bdb15d61f6
268,Simisola-the-kenteprincess,Simisola the kenteprincess,Simisola rocks kente even in swim outfits,Female,,45843017-b421-4413-8e35-7a6ef073f2b9,1c06e5220d6f100a9c961578fd186607a88aa73df5cad6ec0ce4eef336239245
269,Mariam-beauty-queen,Mariam beauty queen,Beauty is a fairy tale where Mariam appears.,Female,,b7d96d97-84c2-485f-b60e-e4e86c4d3b34,29f2138d2b511dc15da02d881196c41300df946378f95f1e849467577a60635a
270,Obinna-the-musician,Obinna the musician,Obinna might never be an a-list artist,Male,,afdb0299-327c-46b2-9262-faf90f0fcd12,4a088be04174d4befdbd6a68bb6d7c81e0d3318db43bf4c69adf10de858e8a8e
271,Sandra-the-shybaby,Sandra the shybaby,Sandra is too shy at parties,Female,,bfed40a8-74f7-4ada-ae18-975130247efa,184657ee46c25b5ad6f2cba04b1ea7464422f2e43ee2af007bb869158fc90fce
272,Chiamaka-the-dancer,Chiamaka the dancer,Chiamaka dances so well and earned the Guinness world record.,Female,,43c49497-8d7b-42ef-bb29-769f6c3b0ada,1a2c22852e78c0bda1fd4b37d75a7463a6a2af62ebfd389e1a7742bb647c2589
273,Mensah-fashion-icon,Mensah fashion icon,Mensah outfits are always giving us Christopher Hemsworth vibes.,Male,,87ada09b-38ac-475c-8d46-18680c2dc795,ef411f0ed400079083578cb62d6665fe0f3be5863f83d9c86126f724de57741b
274,Lucy-the-fumigator,Lucy the fumigator,Lucy is nicknamed the pest hilter,Female,,c7269d44-aab3-41e7-a54f-18a14f575a6b,3e2510931657b6989a1d3519f7fcd20770ad83eacd226df90f83c802e55296dd
275,Nneka-wedding-planner,Nneka wedding planner,Nneka plans the best weddings with great details.,Female,,31ac6b7a-e378-4dc3-999d-b9e8d8473f99,6a46cff62d6bbaf8483a96cbd4252ea6c65ec6688ebcb1a630f7d106877faf25
276,Shakira-the-gangster,Shakira the gangster,Shakira is the most feared criminal.,Female,,dbdc1351-aa07-46e2-935f-2db071b1b23d,955e4c27f6c4bdb04811d5f1282267c5ce1c7b27cea832614f9707424df57d33
277,Lola-afropopping-princess,Lola afropopping princess,Lola licks lollipops like an afropop queen,Female,,2f5cadae-e423-4478-8220-37b3ac144169,97625154b01e750517dbf0e82d343d200f26f8001b47585673143c430bc2bda9
278,Sharon-walking-dead,Sharon walking dead,When tired Sharon walks like the dead,Female,,1fc37341-7dd1-480c-a01b-a63bee0a2230,6ce809b1c973c75d325d640b3907b5a6eefc6791fbba1d45bddb753540b1784a
279,Olivia-great-teacher,Olivia great teacher,Students enjoys Olivia's classes,Female,,cfc4419e-bd46-40f6-9654-632ac1138ff1,8a7f2bee58f93af599291c6bfaca8038b8c564519771af7ac80a70dde5bcce7a
280,Nicole-sleep-warrior,Nicole sleep warrior,"Nicole holds the sleep award in our community, she wouldn't wake up at the sound of a detonated nuclear bomb.",Female,,710ae821-4603-4124-bd60-a33b515b3b8d,d5e7e623a6b49daf6d5c4386741d5386b1e5cb0ef3b35aa85e0edf246b6e7636
281,Busola-the-shakara,Busola the shakara,She is a fashion icon that loves luxurious items.,Female,,ec4a855a-5ceb-4f1b-bbd7-a995aa45e875,c9a3356cda4bb36b8466e8a7a1e155cda3f412f62aaa42f4b68f3f72fe49a89f
282,Bella-the-artist,Bella the artist,A lady that host a fashion week show,Female,,48772412-dacb-4984-9e82-8d24fe101265,4652007ffea57d361d591892e2b6dffbf83666df6dadfa98bc615f4e5d8e242b
283,Queen-the-extrovert,Queen the extrovert,A woman who enjoys being high all the time,Female,,1712532a-20d9-4ccb-8582-bffd76c9fb67,1babfe87a3e6acb3240bdb5425740698373a6279405acebc81f71a9565e19c10
284,Mary-toxic-lady,Mary toxic lady,A lady who's toxic around people,Female,,bc31af8d-c45d-4797-adfc-596fb22e4e3a,6f5c94e16f25c0fdbdaccb8ff04e9a4108b0747097b227c4f74b295d63d73ad7
285,Elizabeth-the-richkid,Elizabeth the richkid,A university undergraduate from a rich background,Male,,21fad782-1b6f-4c2d-b157-9fdb9355c876,8569ade91498bfe02b796ed181ee371ab4f8721f85e3911f2c2be0015a1990b3
286,Larry-the-westerner,Larry the westerner,A Yoruba Man who smokes his pipe in peace,Male,,d4984fa6-dabf-409f-839f-76742ec71500,ed870bebeb7a76e1d201decd68561966d894b66478fe9e7c131996f579b39141
287,Danjuma-the-shocked,Danjuma the shocked,A pensioneer who got told his bank is on distress,Male,,0187ca7f-f3b1-42ae-9e17-c46d58617608,fd54499bc1116fcaed358a8b7c447ee04e0887db25cffbccc95b7f4222d1d1b7
288,Yomi-the-fashionista,Yomi the fashionista,Winner of the Lagos GT Bank fashion week.,Male,,16d256ba-dc4e-4559-ae41-59779f351ad3,1bee955ba066176f77e3f92a97667231e61911c7ace79347744552ab206be248
289,Ibu-the-importer,Ibu the importer,A rich igbo trader who imports goods in onitsha market,Male,,d3edc876-3f2f-4699-a376-0787bb06c5d5,cf5902ec34d40a98c334c311c1f5d52769b043701b2cf97340f49ae7bc3b43e9
290,Massa-the-ghanian,Massa the ghanian,A rich Ghanian trader.,Male,,9a9a5fbd-7a3c-469c-95f2-50303c2e9fc8,e4840c3f0c0e622d1b36d18ed4f477a067fcce79ffcb05ef4b2328964c8fd9d9
291,James-the-musician,James the musician,A yoruba juju artist,Male,,0d4ad447-3836-47cd-8387-066b200cda01,916568ce686cf16e7c1e5d9d14434eb007ed3b6adf04c151ce0105ab97912a08
292,Gbenga-titled-man,Gbenga titled man,A yoruba chief who is also a car dealer,Male,,dc6c1a39-ec78-44ca-8296-68c6de7b5de4,adcee025ca5a0bd6eac965fd5b267f2b4c191d564847ba3e54ecdb01634e9576
293,Abaga-the-rapper,Abaga the rapper,A flashy millionaire and a music rapper,Male,,c428411c-5a06-4b74-bd17-e53b76f9fc6c,b3e50b697670b22d8ad69b44481d87213599ca89ddc340f850236d3f4592cd1e
294,Izuchukwu-the-fisherman,Izuchukwu the fisherman,A fisherman who knows how to paddle well,Male,,15e1caf2-06b3-45d8-9b35-f95965b64e34,75d6a36a783b17a2c0d725d0e6d708f4ee0d7ac0cb386b605f433d3028157ce0
295,Mark-the-philanthropist,Mark the philanthropist,A London based philantropist.,Male,,b48cbd98-96c2-4ec4-9d17-2c798be5b90f,9f3cb3f6d3bfaa030be8294689cb5ee1c03fc2db94904f78fb38f50ca37c0030
296,Desmond-the-politician,Desmond the politician,A young politician who just became a minister,Male,,c52d4fbb-622b-4e2b-85a9-1a1d0f3d97d6,976c0126f98bf5dec03f7f928d531a055327f2ce10e2e08680f8447bfad0c265
297,Okoro-the-bachelor,Okoro the bachelor,A local palm wine tapper with hopes and dreams,Male,,e441439d-49a3-41eb-bf9d-3c7f98c268bf,a129ea41f03aad8516a68d6ac4c0e2583e04e08b5bf7d73108da1c40a8127947
298,Saro-the-clothemaker,Saro the clothemaker,The yoruba man that stole the king's wife.,Male,,7e10af4e-1252-4f96-83a8-78411e152bae,7d8bf00d3444d8b60dd07ee45be7afa4e8bda7b3af744824099b1271e1b34204
299,Kalu-the-ichie,Kalu the ichie,A man of wealth with afluence spreading all over the east,Male,,482ab247-73a4-4ff8-9172-732f3d0729b8,bd2846af873784ae0da447fb01f8bd794fd5ee7a73c9b1934b78cc79631d640a
300,Tamuno-the-prince,Tamuno the prince,An Ijaw prince who is also the heir to the throne,Male,,108447d1-f2d5-4816-8ebb-599286c3fabf,d4bda3883a38ce1d05bd787f667740ae7729d59657614eeaebbbd50a8a36752c
301,wendy-the -banker,wendy the  banker,"Wendy loves working in the bank, as she gets to meet different people.",Female,,587645e2-5ace-11ed-9b6a-0242ac120002,207bb9b0e0589a1bfa8194187bf5593b01692700bc249ef04df2e7802bb7ec7b
302,uduak-the -dark horse,uduak the dark horse,Uduak looks innocent and has the whole apartment bugged,Female,,58764862-5ace-11ed-9b6a-0242ac120002,135cbc92c8f41da7951b2cfe7386cd25813ade0527d8e0e3cdef275764e4aa5d
303,timeyin-the -eccentic,timeyin the eccentic,Timeyin is as eccentric as they come with no care for others opinions,Female,,58764a2e-5ace-11ed-9b6a-0242ac120002,314e65068c4646a2f3e11f3a9d4c867b957400ca012a8177162fa24aa1471781
304,omawunmi-the -businesswoman,omawunmi the businesswoman,Omawunmi is a no-nonsense woman with a shop in idumota,Female,,58764b78-5ace-11ed-9b6a-0242ac120002,26ea490fafeb663bc980132de9ffe30a7f8f5574d65ff5a2a7e00c027b0598da
305,halima-the-housewife,halima the housewife,Halima loves to bake and cook for her children,Female,,58764d8a-5ace-11ed-9b6a-0242ac120002,16e47ae234eb0544abce0ca832c639da6af81993875e06bc8547fb1be903f84b
306,muna-the -block sister,muna the block sister,Muna loves to tell everyone in the block about her younger escapades,Female,,58764ea2-5ace-11ed-9b6a-0242ac120002,0febd53e1fb7438c15864e8db89be83f12a6520a3bfdd8500f75f694129f788a
307,stella-the -gossip,stella the gossip,Nobody gossips on the block like stella when smoking.,Female,,58764fd8-5ace-11ed-9b6a-0242ac120002,e06ed10fe8a49bc70a72b630fcc01296a7183ab5a937412cc6a99123c4d95511
308,agbani-the-wannabe,agbani the wannabe,Agbani loves to shop antique ndecorations for her mansion in idi-iroko,Female,,5876542e-5ace-11ed-9b6a-0242ac120002,b2e46a7876fe5fcc13e0a215b1120669eac23ede1b0f172498fa8f772f35e6d7
309,asante-the -warrior,asante the warrior,Asante came from along line of warriors in Ghana,Female,,58765578-5ace-11ed-9b6a-0242ac120002,8f613c7058ccca549c6852a74d9005fea7a25e1aee88d07b71cbc0687dc80c6c
310,hilda-the -insomaniac,hilda the insomaniac,Hilda prefers to sleep during the day,Female,,5876569a-5ace-11ed-9b6a-0242ac120002,43ae60e9a6317dd2269d5f63bbab5c2198a24a8da10f6b23d7e83f61325239fd
311,sisi yemi-the -street aunty,sisi yemi the street aunty,Sisi Yemi is everyone's favourite street aunty.,Female,,587657a8-5ace-11ed-9b6a-0242ac120002,90c709c457c1ce4b67fcf2fc43a45c2e310f5c3c53dd9c4c320d9a325c235c3a
312,chiamaka-the -bully,chiamaka the bully,Chiamaka hates people in her business and likes to scare the kids on the block,Female,,587658ca-5ace-11ed-9b6a-0242ac120002,a6958adb24ad4a2c9cba55531f3117da79182bb40756f9dcf5137b9b71d2c0ce
313,gift-the-fashionista,gift the fashionista,Gift has always been bold and that spreads to her fashion sense too.,Female,,58765adc-5ace-11ed-9b6a-0242ac120002,a30f444435f1241fcec1cc0db596239c9690000945a4b3a1d087ee8346ae13e9
314,omoyene-the-weirdo,omoyene the weirdo,Omoyene likes to murmur to herself and talks about seeing ghosts,Female,,58765bea-5ace-11ed-9b6a-0242ac120002,c267812e56d668e78c95a663bc6b960c0d187dc9c96eb4a265ebbf9a3e529e6b
315,maria-the -freshface,maria the freshface,Maria likes to believe the world is sunshine and rainbows while blowing gum,Female,,58765d02-5ace-11ed-9b6a-0242ac120002,52ebe1ccd7eac879bc44b6a674ae2fc731fbfdaaab138e136ed41ed7fad2c586
316,monica-the -smoker,monica the smoker,Monica is never found without a pipe and loves to interject in every conversation,Female,,58765e24-5ace-11ed-9b6a-0242ac120002,dcb6efd276ec39a54d1f434c8151228e3803a6bdcc33b853bdb6fd286ccab5e1
321,Omunyinyi-the-stoic,omunyinyi the stoic,omunyinyi wears a Kitenge coat,male,,c2d6a3ac-1d4d-4268-ba7f-4f0f8f50c1ab,97e31ca1759a6cd0f344c3d4a806d8afb51147a9c33ef0bed138b113f3133cd3
322,Kamau-the-sleeper,kamau the sleeper,closed eyes meditating,male,,20330f5c-40c2-4f6a-b9d8-d1d04fb97daf,0181736930bb98a27c4ef9632086a43c734e09b1f70480d7cef94baae85a9ccf
323,Mutiso-the-lastborn,mutiso the lastborn,masked up mutiso dozing off,male,,0706c338-42eb-4d26-84ea-c24b39628200,4075ec2091ffee0dd1f32a702049182a360d85a0ffce315eddf54d5a10394303
324,Omondi-the-vegeterian,omondi the vegeterian,omondi wears a green coat,male,,bfb5e8d5-d7a7-4aa8-85e8-d7d9afd4adb3,74642c0d4e56d982cd13cdd01083ea097f0fc2e757dcdb906b0c3dd3094277f1
325,Barasa-the-optimist,barasa the optimist,looks up to the sky and makes a wish,male,,2da4bef4-38cc-4414-99ad-7361fac04b2b,d66a940b5116307c6109801bc7b22d5a9325faffde4fed726ee6f8d55624782b
326,Mwembu-the-elder,mwembu the elder,"old but not so old, with yellow his favorite color",male,,36181230-6ac9-417f-af5c-23bdd2c25ecb,2274b003754304015231acf94fc7b464f51a77817019d2aedd4d314a4a95d782
327,Mbogi-the-fighter,mbogi the fighter,masked up mbogi after capture,male,,3a7bc3c4-1463-42ce-84c9-07337da64435,8bb0a739add6a7f788644c1cff934d7c31d4ab31d4c6276a58c68fc4f32ddd5c
328,Mrosho-the-runner,mrosho the runner,masked up mrosho,male,,b2ca2c76-3b6d-43f1-8cc9-089b6ab83876,48b9bcce13d3f10b7b5c9e0a8c3e789172a2ed92fd450c60909530b797e12414
329,Milele-the-african,milele the african,milele with a nice african print in orange,male,,644b0259-d75c-456d-934c-ce7c052bad3a,7f15b9216d2ade8c01ca246719dd46e952fb31afc441b30c98f8cabc0ad339db
330,Olebon-the-oloibon,olebon the oloibon,olebon in customized buba sokoto,male,,de261efe-731d-461e-b2e4-42edd2f48f72,cbd20f5d85e9c4ec307137728be128d4d6d35929b6fb24fe2adf547d9556d849
331,Chifu-the-maasai,chifu the maasai,clothing inspired by maasai shuka,male,,239933c4-7177-4b5b-86e8-e6f952301344,2180e58944528e522cfe1deac9b98553933ffd1ab5ac1322591b2a9c613b1e64
332,Mwangaa-the-voice,mwangaa the voice,mwangaa the chief,male,,49179b62-812d-4d0f-b518-4af7fa79f8bc,f7d10d0be6c0b900b2fad53531158370db6b203cfa037cdb9267daffde6c32f2
333,Waforte-the-first,waforte the first,masked up man who does sleep a lot,male,,871912a8-d96e-4594-b7b3-450d94ee6924,755884ea2ace57e6a5520790785535f501770acb784a68ea99a3a17c401a9185
334,Kariuki-the-prayerful-one,kariuki the prayerful one,kariuki closes his eyes,male,,6a5b6fa6-0f91-4b01-957f-c766945eb704,305b3c33ccfcd2c61dfc14970b2d1ea457355a70156972209199f93e597c1c6b
335,Kenyanese-the-priest,kenyanese the priest,masked up man with with white cloth,male,,0706c338-42eb-4d26-84ea-c24b39628200,94eb9e8100982326617f5712dc6a5213c0270d70dd51acb87a6d770f205f703c
336,Nyimbo-the-singer,nyimbo the singer,glasses and a pot for the night,female,,d05af807-b3e9-4ad3-8df1-b7864d2daa33,828cdb98eac23dc141b378aa16c8e058647bf676ebf0b63e3097c866b671d561
337,maathai-the-nobel-winner,maathai the nobel winner,mathaai the warrior,female,,0871cb8c-8d56-445d-92c7-01793f327707,bf3fd0d3dca495f4c18ae8c372cc39f00aad9b4ebfb837b897c259e27e024926
338,Tish-the-angry-one,tish the angry one,angry tish with specs on,female,,750a89dc-44ff-43bf-8211-b7776f1b5e52,3bbcf3297043b0bed331a72dfe3d8b311d383235640331d4b31e84cd08e8e1ab
339,Wamenza-the-winner,wamenza the winner,wamenza the leader,female,,7348c9ed-4ac9-4785-9434-0a1f0dcaf8d8,9da5cc3065dd63515712061731d8b444bfd06d38947ba92f99f3f7ccd7c3e1a8
340,Isaya-the-track-king,isaya the track king,isaya the traveller,male,,41781a16-d2b8-4fc6-a1f4-b9fffc5c95ba,4e5a4c7a254f5f03be57e469a69a49e87095b73b0c08d224584b49bb47add6a7
341,mansur-the-partyrider,mansur the partyrider,Mansur is the life of a party and never caught dulling.,male,,78db0f29-3936-4d9c-bb90-3dbf20dba2dd,b31df95009a2f5dcc34fc883dad906baa4fbb825a588f766ccdcc7176d15ccd7
342,tola-the-businessman,tola the businessman,Tola loves business and owns several shops in idumota,female,,1c5d5a6b-cf04-4bf9-978e-22a7e9bc5819,55fbfa95232e678e841370432d663097a20a19da9bccef076301674812775c4b
343,abdullahi-the-honorable,abdullahi the honorable,"Popularly called ""buje budanu"" a godfather who lavishes money on young thugs",male,,dd708276-445f-4483-8357-fc08e999328f,70e4fa7fee99098ad1c28ae48c20676a1829639d7338f80a022013321abb3cd0
344,ojukwu-the-badguy,ojukwu the badguy,Ojukwu likes to oppress and cause trouble,male,,76c1eabf-15ea-446a-8426-472982c4d800,089498e444a8953a127842c6804a928cc8650d13919e68ff2de8bfb730954d3c
345,odunsi-the-egbonadugbo,odunsi the egbonadugbo,Odunsi loves to advise and people in the community rely on him,male,,2912ab8b-5875-4277-a5c2-a0209aee90ae,e597ffb6185fd9952b6e7b8d544c2d18fd4867ba7260dcc202e2383973f88561
346,ogogo-the-sugardaddy,ogogo the sugardaddy,A rich oil magnate who loves to 'solve' young women's problems with his millions,male,,aa575f30-04ad-45f9-a798-199465117793,bfdf5e31f8a05b962e583674df9f5ee3d727431437bb87e09e459be0ee885829
347,suli-the-amalaseller,suli the amalaseller,"Suli sells amala , she is very rude, and they say thats the secret to her sweet food",female,,46fd4821-04dd-4f65-9290-c130a00c4c93,5bbd101130c3b11c8bf68ce11fc787f6835bc548ec9b69d0fdbd56d1fa2e8e03
348,dolapo-the-afrocentric,dolapo the afrocentric,Dolapo loves african prints and loves to showcase culture,female,,cbab232b-5c62-4df8-867b-018a2e496cd4,3d242edc9e54b25813786abb2b23b18c3886fe4c198842f3597b7d1aeb846d87
349,danjuma-the-saddist,danjuma-the-saddist,Danjuma is a grumpy man no one likes to associate with him,male,,5a42af57-186e-425b-b6b1-f72bda4911ef,15baf08e7b74a4f866dfbeb75ddb9bdc56367e3e1d46db7b2ab12518ff20837a
350,chinedu-the-farmer,chinedu the farmer,An hardworking farmer who has 6 boys who help out on the farm,male,,9e8a55d7-0d8d-465d-a628-08ddd387a2c6,04919a6c3749f3a3bd17c449f0702d4fd572fdc489519f35322bb05771721a47
351,kola-the-baldguy,kola the baldguy,kola girls fall for his bald head and always barb it,male,,c32f1757-da9c-49e8-bd79-510a42b6971a,b6b0551cc509a9b36006a5db89cb1ba0eb9784609d9eb1fb01f77d7599e6e7b5
352,bola-the-bosslady,bola the bosslady,Bola commands boys and chill with men,female,,09ff910d-a2be-49d5-8b27-b9378458701c,80917773ab256ee2e0ff73fe97d318fd6fd6df850d6ce8868c3ce3aa8176957f
353,kunle-the-alienguy,kunle the alienguy,People feared kunle because of his alien's colour,male,,dea2f5d8-e3ba-4d3f-9a17-0a7edfd0c100,228bdf5ab063af7aef09a23c7c954aa3ff9cfa6cd3ddef3fabcf66f7ce5021ee
354,segun-the-sharp,segun the sharp,Segun drives with caution and people love him for that,male,,f9159a9c-f48d-4aee-bcc1-63c86209f806,4f76603a09120b3ad28d40aeb613be3951fd6ef9aa05250f5b08e596745ad4d8
355,ola-the-hardguy,ola the hardguy,Ola is feared by many and he leveraged on that,male,,a814fc77-bdfa-4e50-8ba8-3e4e4bcfb3c0,11f8742312f2cf8cedaf84736cf0d02a92565540f0c35128e669386e1f277ed1
356,emeka-the-chief,emeka the chief,Crowd are always at Emeka's house and people respect him,male,,195e89c8-0b6f-43ad-9a2c-d20f03439e96,c6e6fd6f78b9bcd5ec3e6cdbd3be01860fb3537908297812147316809c447113
357,ugochukwu-the-celeb,ugochukwu the celeb,Ugochukwu has many followers on social media,male,,74775cda-cff4-4d21-8819-693127598eca,8becebbf4412b5ee6fe4a89764b36da3cbdce90759237d71bd7e91dd2c323bde
358,adekunle-the-yorubademon,adekunle the yoruba demon,A womans' man with no devotion to any of them,male,,5c98c2d8-3144-4e08-8a0f-9b8d7e4f5aa7,dbbc1c57799a115b08652389ed788fc919966c36a1067a01bbde934f0cb67bce
359,favour-the-fashionista,favour the fashionista,Combining dresses is not a problem for Favour,female,,19fc15c3-80fe-4d45-a2fe-be8f087d57c4,8ea74a6dcaa7cc7cad5a7761f7bde3410dce1202d3dc18e319247a9ee739d5d7
360,jane-the-slayqueen,jane the slayqueen,Jane is always found in the midst of men and loves partying,female,,74775cda-cff4-4d21-8819-693127598eca,386063b8b1ff906c62170f886d19bde44510bcb6c1c1fcbc5e9871a37074fa70
361,osas-the-ceo,osas the ceo,"Meet Osas, a Gen-Z CEO with the British accent.",Female,"Hair: purple dreadlocks, Accessory: gold glasses",b10f7e42-4778-49db-820b-dabbad75504a,70f5720012be057dfcd4a7f377f22c738a8c9845cf563e850a8ab9ecf8d06e82
362,nneka-the-rainbow babe,nneka the rainbow babe,"Nneka, the happy rainbow babe with the vibes",Female,"Hair: pink, Accessory: Pink",e7e20ab8-03e0-4e0a-80aa-6e193f84426e,dd9cc02d14abafeabf0476e351024c959f897871ee5162dbec881a5bf6dc2cc5
363,temitope-the-spoilt girl,temitope the spoilt girl,"Temitope, our favourite Daddy's girl.",Female,"Teeth: vampire teeth, accessory: gold glasses",10cbcbcb-754e-4175-b85d-d0c7eafa16a2,83eabdff6b5b303c1c4452d355570d04bfc5ac3a09de95f5c0cb630142b07641
364,bekeh-the-party animal,bekeh the party animal,"Baby Bekeh, Life of the party that goes home with your charger.",Female,"Hair: dark brown, Accessory: gold glasses",f0558235-3043-46e5-b26c-5bde83cc67fb,440090771d089750643f7fa59043dc4c71df2c2453f731f323af3c47bfe0113e
365,nana-the-tech lady,nana the tech lady,"Nana, the tech madam that doubles as Kumasi Adele in her bathroom every morning.",Female,"Accessory: gold glasses, beret: undefined, Hair: black",e0858913-7050-4c4a-a2a0-442a88463334,c11b312ee93115f8385bc73240adb25dfa693408f8750ec762744a58d1dc04a1
366,rofiat-the-marketer,rofiat the marketer,"Rofiat, the distressed marketing intern.",Female,"Eyes: Brown, Hair: Purple dreadlocks",1e4d9bda-f6f9-4e7a-9381-bee4b074b56d,981250d30a61cc2e90242ae61a80eb6ec80efdf192f7a26159caf9e6d1e2e570
367,zarifa-the-righteous,zarifa the righteous,"Meet Zarifa, a proper baddie for Christ.",Female,Eyes: Blue Hair,c6955d16-c343-46bc-9bed-c069ea8cc65a,da8523430c863c65609674aba063e0f82d7c264539a617266beaac0a6f0b6aa7
368,modinat-the-troublesome,modinat the troublesome,"Modinat, The queen of Gbas Gbos.",Female,"Teeth: vampire teeth, Accessory: brown glasses, Hair: long maroon hair",49eb44e8-1117-463b-b7b3-1bcea4258362,538a8e6b20a3d6c0277c967febe5903bcc996c73b74e4476fc61f2ed55074a37
369,amaka-our-mummy-g.o,amaka our mummy g.o,"Here's Amaka, our one and only mummy G.O who's been to hell and back.",Female,"Eyes: blue, Hair: dark brown",853edc40-0f9d-40c5-ba78-46067dfd7f68,1048be9f3b771626b2535ff7024aa8c1e82160a0d4babb0e2b9de051d87969bc
370,mawusi-the-patient,mawusi the patient,"Meet Mawusi, the sweet sister waiting for her Canadian bobo.",Female,"Eyes: Blue, Accessory: beret, Hair: Black",ca9ddc30-141a-493d-851b-71d34f599641,140ee1d0a850e7cbec51427a2e52450149ba57e1393536cf61bd07a590629bee
371,nesta-the-difficult,nesta the difficult,"Meet Nesta,the National Chairlady, Shege Administrators of Nigeria. (SAN)",Female,"Hair: double puffy hair, Accessory: hair bands, Eyes: brown",fc3b7ca7-efdb-45b2-b7c9-e69107484a43,90a42ddffeecb880f3a2256e79334a70f62fa7d4acffa5bd1731bad283168e27
372,adaora-the-choir mistress,adaora the choir mistress,"Adaora, our able choir mistress that will take your boyfriend for vanishing.",Female,"Accessory: choker necklace, Eyes: brown, Hair: black",df944505-da1a-424e-88aa-b9d365bd2775,8a79e39ad82e331b14037bd58835ac90f24b362d04e8a5b6f4ced7fb1d7540a0
373,busayo-the-husband snatcher,busayo the husband snatcher,"Miss Busayo, Can transplant your husband with the blink of her eyes",Female,"Eyes: brown, Hair: brown",73c8d935-4a71-41d2-a1de-066ae8d548e6,00b344358138d7a2eba8091b9ac55bac57855fb6c62051327fc9e67ddea9b4d5
374,wangari-the-waitress,wangari the waitress,"Wangari, the aspiring musician that doubles as a waitress.",Female,"Accessory: Purple earrings, eyes: brown eyes, hair: purple dreadlocks",4bd7a15b-cc66-4e2d-8fdb-d550f2dd645c,9d61720f14b919cd397105fa86c20e54e58c18b298103b3398b542e2d72b1f50
375,charlene-the-shy lady,charlene the shy lady,"Meet Charlene, the shy sweetheart next door.",Female,"Hair: brown afro, Eyes: brown",36539b84-ada0-43cb-92d4-30596e07a39a,36760c4e626a87ff0e4056179b3a90601b70e416c601ce24926a02acf8ddd4e4
376,addae-the-unretired,addae the unretired,"Mummy Addae, the hot grandma that has refused to retire.",Female,"Accessory: choker necklace, Eyes: brown, Hair: brown",ced7b53c-73de-4fc7-a652-2b17ebfe68c9,74d6650fad5aba17b56ce524d7924a864d2817f366dbdd7c37a53bba77939ae4
377,abena-the-slay queen,abena the slay queen,"Abena, the gang's slay queen",Female,"Eyes: squinting, Hair: long brown braids",1e4728e1-3e45-4972-9755-4a38e784ff91,759eb738a1bfe55c4918b114a743e21ca9e617538f4d5420701951a65f75629d
378,gasira-the-violence mama,gasira the violence mama,"Sister Gasira, wipes people Oraimo cord for a living.",Female,"Teeth: vampire teeth, Hair: brown bun",ea72337f-658f-4198-9ad6-39bc6212c20d,937f6e0980f7642e2a0a4cd2d85ff1ed6c695af037a677d7da13911873389683
379,salamatou-the-exchange student,salamatou the exchange student,"Salamatou, An Ivorian exchange student who's in love with Amala.",Female,"Accessory: beret, Hair: Black, Eyes: Squinted",0e216fd1-d96a-4e3c-a59b-c807f772c5b3,ceb7c80b1833a0d119ec0d9a87032df5baba6232897046682c36b7960a840bef
380,nguyen-the-foreigner,nguyen the foreigner,"Meet Nguyen, the Asian Aunt that's addicted to Waakaye.",Female,"Eyes: Squinted, Skin: White, Hair: dark brown",0381301b-b5a3-42c1-9f73-2c43c0b8493f,3c379bc31c496cee5dd4c98b179b9e123afcc85524bd3b8d1e8050728cba318e
381,Olofi,Olofi,Olofi is the Yoruba creator god and messenger.,Male,Eyes: Sky Blue. Accessories,26340cc4-e334-494e-a737-f2b4bb9bb22e,e3f24dafd5de5f37ba3e265b11aa58f861df90b45576c1cc6ca3d56337389a37
382,Amadioha,Amadioha,Amadioha is the Igbo high god of thunder.,Male,Eyes:Shut. Hair: Bald. Accessories,a0586a93-7aff-43cc-8282-d081b8d6fe90,2ed27c964c2821d0f603370e48dd6b0edfc1ff66aa04d9ad6872e1b5bec04d0d
383,Sango,Sango,Sango is the yoruba diety of thunder.,Male,Hair:Shiny Bald. Clothing: AsoOke. Expression,15e1775c-74fe-4a0b-b79c-49f6b730fa89,b49bd51220e779b25b9672aabff5e1c39ccb13a8d987a9c3801a7d3d95d8ede5
384,Agwu,Agwu,Agwu is the Igbo deity of health and divination.,Male,Eyes: Aquamarine. Hair,311a6713-66c9-43ce-82d8-e3ce03a87a81,8ac40576ac056f7b311af070e41e9bafb10df9c800a32427bd48064a9bb77b8e
385,Tano,Tano,Tano is the master of the Ghana river Tano.,Male,Eyes: Squinted.  Clothing,9c34a73f-33ee-4577-aba8-0982c1656ba7,61c9d7d670becfb37b3d67d2b994ad8d53db7810d05c9341af145b0b2a92430e
386,Anansi,Anansi,Anansi is a trickster god of stories of the Ghana people.,Male,Eyes: Sleepy. Accessories,784f0f6b-4273-4a31-88d7-2455b96c9011,b086e4ed3af0ad1846cf1332975063cbc14947315c5c5afafd2958b5998ae1b2
387,Nyame,Nyame,Nyame is the omnipotent god of the Ghana region.,Male,"Eyes:Black: undefined, Hair:Bald: undefined, Expression: Serious. Accessories",f3af0bbd-0724-4696-89ff-ed67f63e6b4f,350b3ffd62355318a82b77721f34f6455fce67b5c376ac86941fa5d19822dbff
388,Obatala,Obatala,Obatala is the lord of all gods in the Yoruba land.,Male,Eyes: Pitch Black. Expression,c447c120-830e-4543-9cb3-5917ba36bce8,1d06abb36c76cb394883ece65d2f87aaa23e32cf3ace6b2c0c11d918e95f8c99
389,Erinle,Erinle,"Erinle is a powerful hunter of the Yoruba land.,",Male,,dacbbb38-087d-4248-8085-13b619da0ef9,95296e3839f6e87c8ea90698fa8612a51e1d60314b97ba6ffd5f546e0b6f59fa
390,Ogun,Ogun,Ogun is the Yoruba God of iron and metal work.,Male,,94c607b3-791e-40df-bd93-50926f094143,7e83ab0b64111f48899e6f82f4aee2c784a7404ef5815641c00f37c883d2f7e0
391,Abosom,Abosom,Abosom is the goddess of wisdom and knowledge of the Ghana people.,Female,,b3427836-627b-41e4-a2d0-c29473448343,25ef66afc99768e21747ea52988df0c9eb2c83cb41a3252e105c781dab306409
392,Oya,Oya,Oya is the goddess of violent storms and winds of the Yoruba people.,Female,,22aaebe4-4659-44de-ab3d-c4dae11fe9f5,310e415cb7376f23c10fa71c82dce93b8284d531947c964028371ed3ed632e5e
393,Agbala,Agbala,Agbala is the stylish goddess of the future for the Igbo region.,Female,,ca720bf9-5e47-4421-b38f-bc62162ae99e,d8d6d2965761ae419ca0877200ca104ddd6b9447c4c90c480383075209fe0c7d
394,Njoku-ji,Njoku-ji,Njoku-ji is the goddess of new yam of the Igbo people.,Female,,3b795bad-91b4-4d0e-8ed8-bccbb226fc55,752e3bffbf6a45f924287a9bb5fc1facb0ba80e7cf15d0387ab7bbe541becce9
395,Akonadi,Akonadi,Akonadi is the goddess of justice and prophesies of the Ghana people.,Female,,2aebd094-3be5-4773-a7a0-361f6332a7d4,8b8e3a3f423372dae60d8af28e0d77c9b5aabfd85ab8d5250b16ef82f6e6f9cc
396,Onyame,Onyame,Onyame is the goddess of the moon of the ghana region,Female,,fb148f97-d309-45a4-b902-4e066ca13f96,740eac95a8e6bc134ad8b3760f3741baa02fbeda78e4b4b9f49b517c264d421d
397,Ibeji,Ibeji,Ibeji is the goddess of balance and twin of the Yoruba people.,Female,,7b210c03-5446-462d-980e-c73dbbc1e386,4c70e87a7fb367d2a039f14c454c3934d8fc2d8d470225d667f65aa3b19246a9
398,Asase-ya,Asase-ya,Asase-ya is the goddess of fertility and love of the Ghanaian people,Female,,80b51092-3fbc-4d0c-8518-fc461ccb6c80,101133a760f3cfb5e662df2b5b00117e956b2bbf14c7167e53d8cd04a77a1f48
399,Yemoja,Yemoja,Yemoja is the stylish yoruba goddess of the rivers.,Female,,1693b44d-96cf-4c2d-89be-9f4219c28447,8b02406ed0cc16f7c06289770d4275c87a7b336710a44e9b4ba9cd5da5682019
400,Yemaya,Yemaya,Yemaya is the Ghana goddess of rivers and waters.,Female,,9609d0f4-d9d3-4cff-aa06-a9c459fefa39,795798cb4b00f72df43cc48d690082f598526aee2ff3e0e22385cd5f1f3997fa
401,smirky-becky,smirky becky,Becky ends every statement she makes with a smirk.,female,"Eyes: Brown, Accessories: Ankara beret",87bcc41f-eb3e-4ba2-9645-223c949a9b50,a2c1a5381c1dd6e0efcecc86f6b7871c67cfa7955954ef96cc58fa987ddd7db7
402,ankara-scarlett,ankara scarlett,Scarlett is a tailor at yaba market and she loves what she does.,female,"Hair: Orange bun, Skin Colour: Caramel",66d0149f-5f2a-4ded-8e6b-9bd7d7631c39,527efd8eb21a5ab94a50b2b1b478af041ee410623cdff1f0a22fb738703803c4
403,sea-rastafaria,sea rastafaria,Ronke is the ghetto goddess that nobody wants to mess with. Stay clear!,female,"Hair: Purple dreadlocks, Skin Colour: Caramel",d1556c97-9075-49fc-8bde-1826bfc2dbe1,a9b28c5e2c758d6ed10431a43293ad50ba2a13c64b76d3ae562ec3db194e54a0
404,pretty-betty,pretty betty,Betty is always proud of her beauty.,female,"Hair: Orange bob, Skin Colour: Caramel",6a4f5b7c-914d-42c5-8e5f-d1c34ca48886,7fd656d0ecb0527158410d473d41a3abaf7f2a5c9d93c1cc65c417c96c6f5737
405,lola-medusa,lola medusa,Lola knows how to seduce every guys she is into.,female,"Hair: Long red braids, Skin Colour: Caramel",32ec57f7-8272-4671-ad2d-db3dff99fe9f,28c4726ca1adbfeb132c6bfa818e912b6b622ffbd23c4da3ee10f471cbc53271
406,bukola-nosend,bukola nosend,Bukola is friends with many but always get moody.,female,"Hair: Brunette bob, Skin Colour: Dark brown",59d19b13-09e2-412e-a669-df020e03ae10,0913271a6665100fc286d792aa619a54b42f45a85adb6d97b62cb7d2303c554a
407,burna-morgan,burna morgan,Morgan paints the town red with her red hair.,female,"Hair: Two brunette buns, Skin colour: Dark brown, Accessories: Tobacco pipe",d08af477-de20-4780-8449-46b87840b9fa,c45642cb81d5a83275bc0f7535baa14760ec37d75c1d92a5ff145f7efbfec73e
408,afro-star,afro star,Bimbo is an afro star with great affluence.,female,"Hair: Orange afro, Skin Colour: Caramel",40743b16-ae12-4b4a-989c-e5fbf1e2e0ca,9be3da8e4ad7a8e14e1e374cda773de21fd3ed8bdb85cec026efbe49349d9c7d
409,fiesty-sandra,fiesty sandra,"Sandra is a social animal, correct owambe ambassador.",female,"Hair: Brown bun, Accessories: Purple bubblegum",d875aa6c-3e4a-4450-b09c-e9f1cdcc3947,d0e7db1cf59c8dcce0c0f45e75cc4554824c113a34bbca97094ca774ccc9344a
410,sister-nkechi-sabi,sister nkechi sabi,"Nkechi is the true definition of amebo, always in peoples business.",female,"Hair: Black low cut, Skin Colour: Brown",a728a380-1d33-4080-841d-80b041474d8f,128c62c1b99da3a64ae5abaae09dc02639c150881ac8ac50d7621cdb089e92a6
411,unfriendly-gina,unfriendly gina,"Gina is an angry one, she has no friends but she has a lot of money.",female,"Hair: Orange bun, Skin Colour: Caramel, Expression: Stoic",dd30a327-8a74-40a5-8207-19a790508ccc,dee3a73ed8f4a5959a5e39c68e101371e30460509f27af4cba96ab96ea57a2c1
412,dada-ganster,dada ganster,"Dada respects no one, always finds pleasure terrorising others.",female,"Hair: Purple dreadlocks, Skin Colour: Brown, Expression: Annoyed",e1a43f65-aad2-4385-ac5e-bc159c6e0f2a,e013faf2e1a65ac2c3a8a8a794d65d0396206768c0b51579e7540a72e166df96
413,idoncare-linda,idoncare linda,"Linda is a beautiful but very annoying girl, she turns every thing to a fight.",female,"Hair: Orange bob, Skin Colour: Caramel, Expression: Mischievous",ed04b47c-ae98-4db2-b71b-04d7bb976d45,0cc93aa48d275a6c55ba6fecd089dd4a23470bf1a00e65f5e8a5727b5c8bc930
414,doubting-vivian,doubting vivian,"Vivian just like the thomas in the bible, she doubts all.",female,"Hair: Long red braids, Skin Colour: Caramel, Expression: Pissed",a0282797-44ef-4bfb-a701-e4ed5e727d63,44e1b1e35395d3f337b06913ad87af8481bbb2c1478d39d44b19e876b2457cd8
415,simbi-side-eyed,simbi side eyed,Simbi is reserved but doesn't allow anyone intimidate her.,female,"Hair: Two orange buns, Skin Colour: Brown",1f99104c-e98b-4c9a-9891-00a481e86008,173fedfc78397a44c32da24190d62e138c67fd084d19cb82eafbe59fa28585d7
416,bambi-tekno,bambi tekno,Bambi is the dancer of the team.,female,"Hair: Brown low buns, Skin Colour: Blue,  Accessories: Yellow sunglasses",95ff5e2c-1ff2-4d58-890b-de0f39f9d8ce,9bcbbd6b1a852078693466d49b028e00769439c589f1ee5de62fe10c7fde72b4
417,saka-portable,saka portable,Saka is forever convinced that his toothless smile is the icing on his cake.,male,"Skin Colour: Blue, Accessories: Purple cap and yellow sunglasses",bd98f74f-e42e-494e-8298-3183555ca666,640b8804ca695ca4625a5c8a8d6650341d5ab2f718fe2f2a4ef922f6c6ec48c4
418,king-of-boys,king of boys,Busayo finds her way in ruling the boys and that's why she's king of boys.,female,"Hair: Black buns, Skin color: White, Accessories: Cigarette pipe",a650e79c-f964-4eb1-aa89-f9c1dbdede76,87e2adcc31b02ef70854773312440ea090ada109d1c49a95d3d20a34cf998137
419,funky-alte-pop,funky alte pop,"Funke is always the life of every party, strong gen z advocate.",female,"Hair:  Two red buns, Skin color: White, Acessories Yellow sun shades: undefined, Expression: Rugged",b6753a8b-6127-4e97-812b-99e465791ba3,180460147a6b50087ed5d8636a233fa741d75bac7ea7d6ab557bc36b363eb890
420,madame-ngozi,madame ngozi,Ngozi make heads turn with her bright colours.,female,"Hair: Brown afro, Skin  color: White, Accessories: Yellow sunglasses, Expression: Pissed",7ecdbb1d-9a89-4136-b240-499051836979,db233549799d6bd871aecd241283340a0334dde33521cebf08cde4bb9bd787d1
